_id,amount,reasoning
6811b8d5af06ea2cad500b95,N/A,...the total amount of damages to which Plaintiff is entitled is: the minimum statutory award $250 times the number of copyrights violated 2 times the number of customers BPI has obtained.
6811b8d7af06ea2cad500b96,5000,"In view of the nature and extent of the infringement, the Court awards to plaintiff damages in lieu of actual damages of $ 5,000, against the corporate defendant."
6811b8d8af06ea2cad500b97,N/A,"In accordance with the election of remedies made by plaintiff's attorneys at the hearing of the case, the plaintiff shall be awarded statutory damages for copyright infringement as provided by 17 U.S.C. § 504(c), and is entitled as well to injunctive relief under 17 U.S.C. § 502."
6811b8d9af06ea2cad500b98,N/A,"Further, the court finds that plaintiff is not entitled to actual or statutory damages for any act that may be considered an infringement of plaintiff's copyright occurring prior to or after April 5, 1979, which is the effective date of plaintiff's copyright registration. Defendant did not infringe on plaintiff's copyright after April 5, 1979, and statutory damages are precluded by Section 412(1)."
6811b8d9af06ea2cad500b99,10000,"The damage award against Ardith Cavallo will be increased to $ 10,000. 17 U.S.C. § 504(c)(2)."
6811b8daaf06ea2cad500b9a,500,"The Court finds that plaintiff is entitled to statutory damages in the amount of $250.00 for each of the two infringements of its copyright by defendant, or $500.00."
6811b8dbaf06ea2cad500b9b,N/A,"Since plaintiff has elected to recover actual damages and profits rather than statutory damages, the court has no authority to adjust the award."
6811b8dcaf06ea2cad500b9c,N/A,"In a case where the copyright owner sustains the burden of proving, and the court finds, that infringement was committed willfully, the court in its discretion may increase the award of statutory damages to a sum of not more than $ 50,000."" ""Even the statutory damages which can be awarded under § 504(c)(1) are not less than $ 250 and not more than $ 10,000."
6811b8deaf06ea2cad500b9d,1000,"12.  In order to fulfill these purposes of the copyright act, plaintiff is entitled to a statutory damage award in this case of $1,000.00, which amount the Court in its discretion considers just."
6811b8dfaf06ea2cad500b9f,50000,"Lauratex also seeks $ 50,000. in statutory damages under 17 U.S.C. § 504(c)(2), which provides in relevant part:"
6811b8e0af06ea2cad500ba0,N/A,N/A
6811b8e3af06ea2cad500ba2,40000,"Accordingly, in light of the amount of actual damages shown by the plaintiff and the defendants' willful infringement, statutory damages are awarded to the plaintiff in the amount of $ 40,000."
6811b8e4af06ea2cad500ba3,500,"Under the provisions of 17 U.S.C.  § 504(c)(1), the Court may assess damages between $ 250.00 and $ 10,000.00 for unintentional infringement. Therefore, the Court in the exercise of its discretion hereby finds that Defendants are liable to Plaintiffs in the sum of $ 500.00, plus all costs of court, for their infringement of the copyright laws."
6811b8e6af06ea2cad500ba4,N/A,"Claimant's (i.e., Kamakazi's) suggestion that it should recover an award of statutory damages for the infringement of ""45 separate' copyrights is a further attempt to unjustly compound its recovery. The Copyright Laws specifically treat compilations and derivative works such as the Manilow Folios as ""one work' for purposes of an award of statutory damages (17 U.S.C. § 504(c)); Nimmer, Copyright § 14.04(E), pp. 14-32, 14-33."
6811b8eaaf06ea2cad500ba5,N/A,"Because of the difficulty of proving the precise nature of the harm to appellants, statutory damages may be appropriate.  17 U.S.C. § 504(c)."
6811b8eaaf06ea2cad500ba6,32235,"In order to fulfill these purposes of the copyright act, plaintiff is entitled to a statutory damage award in this case of $32,235.00, which amount the Court in its discretion considers just."
6811b8edaf06ea2cad500ba7,N/A,"Robbins successfully moved to have its rights under the Agreement determined in arbitration according to its terms, and upon the conclusion of the arbitration the court confirmed the arbitrator's award granting statutory damages to Kamakazi against Robbins for printing and selling copies of Manilow's compositions in violation of the terms of the Agreement."
6811b8edaf06ea2cad500ba8,250000,"The arbitrator found that Robbins wilfully continued to sell ""personality folios"" in violation of 25 copyrights owned by Kamakazi, and he awarded Kamakazi statutory damages of $10,000 per copyright infringed under 17 U.S.C. § 504(c)."
6811b8efaf06ea2cad500ba9,4000,"Ordered that plaintiffs, Wiliam E. and Clare F. Marling have and recover of and from defendant, Al Ellison, the sum of Four Thousand Dollars ($4,000.00), statutory damages, plus their costs herein expended."
6811b8f0af06ea2cad500baa,30000,"After considering the evidence of plaintiff's loss and defendants' willful infringement, I conclude that statutory damages should be awarded in the sum of $30,000."
6811b8f2af06ea2cad500bab,2000,"7.Jevs is entitled to statutory copyright damages in the amount of $2,000 under 17 U.S.C. § 504(c)(1) for Pesco's infringement on Jevs' copyright for the VITAS instruction manual."
6811b8f4af06ea2cad500bac,5000,"During the visit of September 27, it was noted that the following compositions were performed by a band: ""Blue Eyes Crying In The Rain"", ""Bad, Bad Leroy Brown"", and ""Tulsa Time"". On the visit of August 1-2, 1981, the agents noted that live renditions were given of the following songs: ""Peaceful Easy Feeling"", ""Me and You and a Dog Named Boo"", ""Tulsa Time"", ""Orange Blossom Special"", and ""Blue Eyes Crying In The Rain"". Taking all of these elements into account, the Court concludes that an award of $625 for each of the infringing acts is just and equitable."
6811b8f6af06ea2cad500bad,N/A,"Plaintiffs are entitled to statutory damages of $250.00 for each copying and performance infringement committed by BOCES, as described herein pursuant to 17 U.S.C. §§ 1(a) and 1(d)."
6811b8f7af06ea2cad500bae,30000,"The Magistrate, however, properly denied this request on the ground that the $30,000 in statutory damages awarded by this Court in the September 16 Opinion and Order afforded an adequate remedy."
6811b8f9af06ea2cad500baf,20000,"Statutory damages in the sum of $10,000 will be awarded for the infringements of copyright No. VA 63-198 and in the additional sum of $10,000 for the infringements of copyright No. VA 63-200."
6811b8faaf06ea2cad500bb0,N/A,N/A
6811b8fbaf06ea2cad500bb1,50000,"Plaintiff has also moved to have the Court award statutory damages to plaintiff in the amount of $50,000."
6811b8fcaf06ea2cad500bb2,N/A,"We vacate the directed verdict on damages, which should not have been taken from the jury, and remand for one of two courses of action: election of statutory damages, which may be awarded by the court in its discretion, 17 U.S.C. § 504(a)(2),    (c); or a new trial limited to the issue of actual damages plus infringer's profits, 17 U.S.C. § 504(a)(1), (b)."
6811b8fdaf06ea2cad500bb4,10000,"Accordingly, we respectfully recommend that plaintiff be awarded a judgment in the amount of $10,000."
6811b901af06ea2cad500bb7,9500,"Plaintiff, Broadcast Music, Inc., shall recover of the defendants, Gus Dendrinos, a/k/a Gerasimos Dendrinos, Adrienne Dendrinos, partners d/b/a The Chandelier Restaurant and Lounge; and Dendrinos, Inc., jointly and severally, statutory damages in the amount of Five Hundred Dollars ($500,00) for each of the nineteen (19) musical composition copyrights infringed, that is,    a total of Nineteen Thousand Dollars ($9,500.00), 17 U.S.C.  § 504(c), plus interest thereon as provided by law."
6811b905af06ea2cad500bb8,N/A,N/A
6811b905af06ea2cad500bb9,4800,"The court, on May 26, rendered a brief ""Memorandum Decision and Order"" stating that it had considered the entire record and that it felt constrained to award $1,200 for each copyright invaded, in addition to costs and attorney's fees. In this case the court had undisputed evidence of violations as to four copyrighted items on January 24, 1982."
6811b90caf06ea2cad500bba,N/A,"Section 504(c)(2) of the 1976 Act provides for a reduction in statutory damages when an infringer proves he ""was not aware and had no reason to believe that his or her acts constituted an infringement of copyright,"" but the statute establishes no general exemption for those who believe their infringing activities are legal."
6811b90daf06ea2cad500bbb,50000,"Plaintiff also seeks damages of $50,000, the statutory maximum, or damages calculated on the basis of lost revenues, lost goodwill and profit to defendant, together whith fees."
6811b90daf06ea2cad500bbc,105000,"The magistrate recommended an award of damages pursuant to 17 U.S.C. § 504(c) in the amount of $105,000."
6811b90eaf06ea2cad500bbd,5250,"Alleging that the copyright infringement was knowing and purposeful, plaintiffs seek an award of damages in the amount of $ 750 for each infringement, which is treble the minimum statutory damages of $ 250, for a total of $ 5,250."
6811b90faf06ea2cad500bbe,60000,"The District Court awarded damages of $60,000 to plaintiff for copyright infringement."
6811b910af06ea2cad500bbf,20000,"Therefore, this Court finds that plaintiff should be awarded $20,000.00 as its statutory damages."
6811b911af06ea2cad500bc0,N/A,N/A
6811b912af06ea2cad500bc1,N/A,N/A
6811b913af06ea2cad500bc2,3000,"FURTHER, defendant Samuel Abdalla is hereby ordered to pay to plaintiff, Broadcast Music, Inc., the sum of $3,000.00 in statutory damages, plus plaintiff's costs expended herein."
6811b914af06ea2cad500bc3,2000,"In light of the small-business nature of defendants' operation, the Court determines in its discretion that the minimum statutory award of $250.00 per infringement, or $2,000.00 total, as well as the assessment of costs and attorney fees to be determined at some future time by the Court, will adequately compensate plaintiff and deter future non-compliance with the Copyright Act by the defendants."
6811b915af06ea2cad500bc4,3250,"In this case, ""The Best of Laurel & Hard"" album incorporated soundtracks licensed to Feiner & Co. thereby resulting in thirteen infringing acts. The court has decided to set damages at the minimum figure of $250 per infringing act."
6811b917af06ea2cad500bc5,1450000,"If plaintiffs elect statutory damages,    the total award will be $ 1,450,000."
6811b918af06ea2cad500bc6,50000,"Plaintiff is awarded statutory damages in the amount of $ 50,000 and attorneys' fees in the amount of $ 8,062.50."
6811b919af06ea2cad500bc7,35500,"First, he recalculated statutory damages as the maximum $5,000 times the seven copyrights infringed by actual sales plus the $250 minimum times the two copyrights infringed only by display of sample animals, for a total of $35,500."
6811b919af06ea2cad500bc8,160000,"In view of the defendants knowing and willful infringement of numerous copyrights owned by B.M.I., plaintiff is entitled to the maximum statutory damages for each of defendants' sixteen acts of infringement. Accordingly, plaintiff is awarded damages in the amount of one hundred and sixty thousand dollars ($160,000)."
6811b91baf06ea2cad500bc9,100000,"...for a total of $100,000.00..."
6811b91faf06ea2cad500bca,N/A,N/A
6811b920af06ea2cad500bcb,N/A,N/A
6811b922af06ea2cad500bcc,9000,...the Court finds that an award of $500 for each of the eighteen infringing performances is appropriate.
6811b923af06ea2cad500bcd,N/A,N/A
6811b923af06ea2cad500bce,N/A,"17 U.S.C. § 504(b) (1982) provides that, in addition to actual damages suffered as a result of the infringement, the copyright owner is entitled to recover 'any profits of the infringer that are attributable to the infringement and are not taken into account in computing the actual damages."
6811b924af06ea2cad500bcf,3000,"Plaintiffs are awarded $750 per violation, for a total of $3,000."
6811b924af06ea2cad500bd0,1200,"The Court does, therefore, find and assess damages against the Defendant in the amount of $300 per infringement, for a total of Twelve Hundred Dollars ($1200)."
6811b926af06ea2cad500bd1,N/A,
6811b927af06ea2cad500bd2,N/A,N/A
6811b928af06ea2cad500bd3,397998,"Therefore, at least a sizeable (unapportioned) profit figure is not in dispute, and, as shown below, the undisputed profits, when properly apportioned and added to proven damages, yield a just and reasonable statutory damage award. Recognizing that neither party has proven the underpinnings of these calculations, the Court nonetheless determines that, with respect to the 1976 issues, a total of $ 397,998 represents a fair recovery which will amply compensate plaintiff for his losses (including the loss of $ 10,000 under the Cheri contract), strip defendant of its ill-gotten gains and discourage similar actions by defendant in the future."
6811b929af06ea2cad500bd4,4500,"Plaintiff Music City Music claims to be the copyright holder of ""I'd Just Love to Lay You Down"" written by Johnny McCray; plaintiff Milene Music, Inc., claims to be copyright holder of ""Blue Eyes Crying in the Rain"" written by Fred Rose; and plaintiff MCA, Inc. claims to be the copyright holder of ""Orange Blossom Special"" written by Ervin Thomas Rouse. Each plaintiff claims that defendant knowingly infringed upon these copyrights by publicly performing these works at Best Western Virginia Inn on 3 February 1984. ...the Court assesses statutory damages in the amount of $1500 per infringement."
6811b92baf06ea2cad500bd5,N/A,"Neither statutory damages, which the district court would ""have [had] no hesitation in awarding,"" 574 F. Supp. at 403, nor attorney's fees pursuant to section 505, are available here because, as the parties agree, Deltak did not so register its copyright."
6811b92baf06ea2cad500bd6,50000,"That judgment was entered against the Defendant for copyright infringement in the ""sum of FIFTY THOUSAND DOLLARS [sic] AND NO/100 ($50,000.00), pursuant to 17 U.S.C.A. Section 504(2) [sic] plus the sum of SIXTEEN THOUSAND FIVE HUNDRED DOLLARS AND NO/100 ($16,500.00) pursuant to 17 U.S.C.A. Section 505"" plus statutory interest."" ""Section 504(a)(2) is the statutory damage section."
6811b92caf06ea2cad500bd7,N/A,Plaintiff seeks to recover the greater of its actual damages plus defendant's profits pursuant to section 504(b) or statutory damages pursuant to section 504(c).
6811b92caf06ea2cad500bd8,N/A,
6811b92faf06ea2cad500bd9,1044000,"...in awarding $1,044,000 in statutory damages,..."
6811b92faf06ea2cad500bda,N/A,N/A
6811b930af06ea2cad500bdb,2250,"The defendants have therefore failed to set forth any specific facts showing that here is a genuine issue for trial, and the plaintiff is entitled to summary judgment on each of its nine claims. While the Court believes that the defendants did not wilfully infringe, their direct participation in the infringing activities leads the Court to conclude that they have not sustained their burden of proving that they did not have any reason to believe that their acts constituted infringement, and the Court will assess statutory damages at $250.00 per infringement pursuant to 17 U.S.C §504(c)(1)."
6811b931af06ea2cad500bdc,750,"Accordingly, it is ORDERED that the Clerk shall enter judgment for plaintiff for $ 750.00 statutory damages, costs and attorney's fees."
6811b931af06ea2cad500bdd,100000,"Judgment is hereby entered in favor of the plaintiff and against Hasley's, Inc., Michael G Hasley and Linda J. Hasley, jointly and severally, in the sum of One Hundred Thousand Dollars ($100,000.00) as and for statutory damages."
6811b932af06ea2cad500bde,N/A,"We must REMAND the case, nevertheless, solely for a determination of the proper amount of statutory damages to be awarded plaintiffs pursuant to the Copyrights Act, 17 U.S.C. § 504(c)."
6811b932af06ea2cad500bdf,3000,"IT IS THEREFORE ORDERED that judgment be, and hereby is, entered against the defendant for three thousand dollars ($3,000.00) in statutory damages for the copyright infringements which took place on August 25th and 26th, 1983, for six hundred, nine dollars and thirty-one cents ($609.31) in costs, and for nine thousand, two hundred and eighty-four dollars ($9,284.00) in attorney's fees."
6811b932af06ea2cad500be0,2500,"Plaintiffs are entitled to an award of damages of $ 500.00 for each of the five infringements proved, for total damages of $ 2,500.00."
6811b933af06ea2cad500be1,5000,"...awarded plaintiff $5,000.00 in statutory damages."
6811b935af06ea2cad500be2,N/A,"Because the books were protected under the 1976 Act, the Board was entitled to statutory damages under 17 U.S.C. § 504 (1982) unless Supermarket could raise an affirmative defense."
6811b935af06ea2cad500be3,7000,"After a complete review of the record, this Court is of the opinion that plaintiffs shall be awarded $ 1,000.00 for each infringement, for a total amount of $ 7,000.00. As stated earlier, the defendants shall be jointly and severally liable for said statutory damages."
6811b935af06ea2cad500be4,7500,plaintiffs' request of $1500 for each of five infringements is within reasonable limits and will be granted.
6811b936af06ea2cad500be5,1500,That the plaintiff recover of and from the defendant the sum of $ 1500 statutory damages.
6811b937af06ea2cad500be6,20000,"In light of all of these circumstances, the court has determined that $ 20,000 is the proper award of damages in this case."
6811b938af06ea2cad500be7,N/A,N/A
6811b939af06ea2cad500be8,22500,"Warner is entitled to $20,000 in statutory damages for wilful infringement of its copyright and $15,408.67 in costs and attorneys' fees against H. Bros. in 85 Civ. 977 (CSH). In addition, Warner is entitled to $2,500 in statutory damages for wilful infringement of its copyright and $11,342.54 in costs and attorneys' fees against defendant Multinational Products Corp. in 84 Civ. 4681 (CSH)."
6811b93baf06ea2cad500be9,550000,"Thus, the damages awarded Fitzgerald against Baylor were statutory damages of $550,000 and actual damages of $886.50; against World Color the awards were statutory damages of $22,000, actual damages of $27,948.14 and $12,500 in attorney's fees."
6811b93baf06ea2cad500bea,31000,"For the following reasons,    the preliminary injunction is made permanent; Vector shall destroy the accused products; and plaintiff is awarded statutory damages and attorneys fees."" ""Accordingly, Vector is ordered to pay W.O.W. thirty thousand dollars ($ 30,000.00) and its cost and attorneys fees."" ""Additionally, it shall pay W.O.W. one thousand dollars ($ 1,000.00), that is two hundred fifty dollars ($ 250.00) for each act of infringement."
6811b93daf06ea2cad500beb,N/A,"...an award of statutory damages . . . in a sum of not less than $ 250 or more than $ 10,000..."" ""...may increase the award of statutory damages to a sum of not more than $ 50,000."
6811b93eaf06ea2cad500bec,13000,"ORDERED AND ADJUDGED that   the Plaintiff recover of and from the Defendant, Pine Belt Investment Developers, Inc., d/b/a Studebaker's, infringement damages of One Thousand and NO/100 Dollars ($1,000.00) for each of the thirteen (13) infringements complained of, for a total of Thirteen Thousand and NO/100 Dollars ($13,000.00)."
6811b940af06ea2cad500bed,N/A,N/A
6811b940af06ea2cad500bee,N/A,In this case Jones seeks its actual damages attributable to defendants' activities after the date on which the copyrights were registered.
6811b941af06ea2cad500bef,N/A,"The Court, pursuant to 17 U.S.C. § 504, awards the plaintiff damages for copyright infringement in the amount of $ 2130.00."
6811b941af06ea2cad500bf0,50000,"As defendants have been found to be intentional infringers, the court has discretion to award statutory damages in an amount not to exceed $ 50,000. 17 U.S.C. § 504(c) (2). We find that an award of damages in this amount is appropriate considering the thousands of tests admittedly copied by defendants over a nine-year period."
6811b942af06ea2cad500bf1,3750,"The Court has considered all the evidence presented and finds that damages should be assessed at $ 750 per infringement, for a total damages award for the five acts of infringement of $ 3,750."
6811b953af06ea2cad500bf2,N/A,N/A
6811b95baf06ea2cad500bf3,N/A,N/A
6811b95eaf06ea2cad500bf4,100000,"NOW, THEREFORE, IT IS ORDERED that plaintiffs recover from the defendants the statutory sum of $ 50,000 on count I of the complaint as to the T.A.  Survey; IT IS FURTHER ORDERED that plaintiffs recover from the defendants the statutory sum of $ 50,000 on count I of the complaint as to the E.S.  Survey;"
6811b964af06ea2cad500bf5,N/A,N/A
6811b966af06ea2cad500bf6,15000,"Plaintiff seeks statutory damages in the amount of $ 15,000 ($ 3,000 per each infringement), a permanent injunction and attorneys' fees and costs."
6811b979af06ea2cad500bf7,N/A,N/A
6812612daf06ea2cad501739,6000,"This is a suit for copyright infringement concerning two musical compositions. Plaintiffs have requested statutory damages in the amount of $ 3,000 per infringement."
6812612eaf06ea2cad50173a,13500,"Plaintiff seeks statutory damages of $ 1,500 per infringing act, or a total $ 13,500 for the nine infringing acts proven. The Court therefore awards Plaintiff $ 1,500 for each of the nine infringements it has established."
6812612eaf06ea2cad50173b,N/A,The Court will award statutory damages as follows:
6812612faf06ea2cad50173d,21000,"Plaintiffs contend    that an award of $ 3,000.00 per infringement, for a total award of $ 21,000.00 in statutory damages, is an appropriate and reasonable award considering the willfullness of defendant's actions. Therefore, where the defendant's infringement is clearly willful as was Mr. Williams', the sum of $ 3,000.00 per infringement, or a total award of $ 21,000.00, is reasonable under 17 U.S.C. § 504(c)(2)."
68126131af06ea2cad50173e,3500,"Thus, the basic award must be that number times $ 250, or $ 3,500.00."
68126131af06ea2cad50173f,2500,"Under the circumstances of this case, Precision Tune will be awarded statutory damages of $250 for each of the ten infringements by Kennedy for a total award of $2,500."
68126131af06ea2cad501740,N/A,"The defendant seemed originally to be seeking only statutory damages pursuant to 17 U.S.C. § 504, increased for willful infringement pursuant to subsection (c)(2)."
68126134af06ea2cad501741,100,"There will be judgment in favor of plaintiff Warner against defendant Dae Rim in the sum of $ 100 as statutory damages for past infringement of Warner's Registered Copyright VAu 54-952 (""Gizmo"")."
68126137af06ea2cad501743,N/A,N/A
68126138af06ea2cad501744,N/A,N/A
68126138af06ea2cad501745,7500,"In considering appropriate relief, the magistrate recognized that RCA had elected to recover statutory, rather than actual, damages. He recommended statutory damages against Metacom and McCann of $ 5,000. He recommended the retailers be held jointly and severally liable in a total sum of $ 2,500."
68126139af06ea2cad501746,22000,"11. Plaintiffs are entitled to statutory damages in the total amount of $ 22,000.00."
68126139af06ea2cad501747,200000,"The Magistrate's report and recommendation awards $ 200,000 in statutory damages on Marina B's copyright claim, $ 474,000 in trebled compensatory damages on plaintiffs' patent claims, $ 234,150.00 in compensatory damages on plaintiffs' Lanham Act claim, $ 100 on their common law unfair competition claim, $ 100,000 in punitive damages on their common law unfair competition claim, $ 28,412 in prejudgment interest on the patent claim, $ 60,000 in attorney's fees, and costs in a sum to be taxed by the Clerk of the Court."
6812613aaf06ea2cad501748,N/A,
6812613aaf06ea2cad501749,N/A,N/A
6812613baf06ea2cad50174a,N/A,Vane elected to seek actual damages and profits.
68126140af06ea2cad50174b,N/A,The copyright owner may also recover damages for his losses (including statutory damages) as well as appropriate portions of the infringer's profits.
68126148af06ea2cad50174c,10500,"The court then awarded statutory damages, in lieu of actual damages, at the plaintiffs' request. The court enjoined Mr. Kowalczyk from further performances of those compositions without a license, imposed a fine of $10,500 ($1,500 for each infringement), awarded attorney's fees to the plaintiffs in the amount of $21,502.75, and assessed costs at $1,693.88."
6812614eaf06ea2cad50174d,N/A,N/A
68126157af06ea2cad50174e,N/A,"Accordingly, statutory damages and attorney fees, authorized under 17 U.S.C. § 504(c), are not available to the plaintiff because the copyright in question was not registered within three months of the publication date of the work claimed to be infringed."
6812615eaf06ea2cad50174f,3000,"On balance, the Court awards $ 1,500 per infringement, or $ 3,000 in toto,  [***1051]  an amount that modestly exceeds the licensing fee and plaintiffs' investigative expenses."
68126163af06ea2cad501750,N/A,"Plaintiff demands an injunction barring further distribution of the defendant's [***1221] lamps, and seeks damages pursuant to 17 U.S.C. § 504(b) consisting of its actual damages and Alsy's profits, as well as costs and attorneys' fees pursuant to 17 U.S.C. § 505. Plaintiff will be awarded its lost profits and defendant's profits as to the floor lamps, and a reasonable attorney's fee, in a further order to be issued after submission of appropriate proof."
68126164af06ea2cad501751,90000,"Each of these is subject to damages to be assessed pursuant to 17 U.S.C. § 504(c)(2). The Court assesses $ 15,000 for each violation, or $ 90,000, plus interest from the date of judgment."
6812616baf06ea2cad501752,N/A,N/A
68126171af06ea2cad501753,20000,"Given the $ 15,000.00 figure plus Defendants' conduct both prior and subsequent to the 1987 license revocation, but mindful of the fact that injunctive relief has been granted and that no decisions relied upon by Plaintiffs support a damage award of $ 3,000.00 per infringement, the court finds that an award of $ 2,500.00 per infringement for a total of $ 20,000.00 should be sufficient to serve as a deterrent to Defendants' future infringing conduct."
68126183af06ea2cad501754,N/A,N/A
68126184af06ea2cad501755,N/A,N/A
68126188af06ea2cad501756,N/A,Plaintiff concedes that it is not entitled to statutory damages or attorney's fees under the Copyright Act because the infringement occurred prior to the copyright registration.
6812618baf06ea2cad501757,4000,"(1) Statutory damages in the amount of $ 500.00 for each of the eight (8) copyright infringements for a total of   $ 4,000 plus post judgment interest in accord with 28 U.S.C. § 1961;"
6812618baf06ea2cad501758,3000,"Damages in the amount of $ 3,000.00, and attorneys' fees in the amount of $ 3244.00, plus costs."
6812618faf06ea2cad501759,N/A,"The court awarded statutory damages of $30,000 for each violation, since actual damages were not determinable."
681261a3af06ea2cad50175a,N/A,N/A
681261afaf06ea2cad50175b,N/A,"In addition, the plaintiff is entitled to statutory damages between $ 250 and $ 50,000 under 17 U.S.C. § 504(c);"
681261b6af06ea2cad50175c,8000,"Therefore, this Court concludes that statutory damages of $ 2,000 per infringement, for a total of $ 8,000, is warranted here."
681261c3af06ea2cad50175d,100,Judge Wyatt took all of these factors into consideration and did not abuse his discretion in limiting Warner's award to $ 100.  17 U.S.C. § 504(c)(2).
681261caaf06ea2cad50175e,N/A,"Therefore, plaintiff is not entitled to recover statutory damages or attorneys' fees for the infringement of its COSTIMATOR copyrights."
681261caaf06ea2cad50175f,2500,1) plaintiff is awarded statutory damages of $ 2500.00;
681261d3af06ea2cad501760,10000,"In the present case, after considering all the evidence presented, the court finds that damages should be assessed at $ 1,000 per infringement, for a total damages award of $ 10,000."
681261d5af06ea2cad501761,N/A,
681261e0af06ea2cad501762,N/A,"Thus, statutory damages are not appropriate in the case of either defendant."
681261e2af06ea2cad501763,2000,"The court determined that NMAS had suffered no actual damages but found Kolb liable for statutory damages of $2,000 under 17 U.S.C. § 504(c)(2)."
681261ebaf06ea2cad501764,N/A,N/A
681261f2af06ea2cad501765,0,"Because BTA registered its copyright only after the infringement, it was limited to a damage award for its losses or TFG's profits and was not entitled to statutory damages."
6812620caf06ea2cad501766,100,"If the infringer proves that the infringement was committed unknowingly and innocently, the court has discretion to award the copyright owner as little as $ 100 under the statutory damages scheme."
6812621aaf06ea2cad501767,N/A,"The Copyright Act does, however, provide for statutory damages and the amount a court may award under section 504 falls within a range from $ 200 to $ 100,000."
68126220af06ea2cad501768,5000,"Instead, I will award damages in favor of plaintiffs in the amount of $ 1,000 per act of infringement for a total of $ 5,000 in statutory damages."
68126223af06ea2cad501769,90000,"The Court assesses $ 15,000 for each violation, or $ 90,000, plus interest from the date of judgment."
68126227af06ea2cad50176a,N/A,"Plaintiffs further aver that since defendants' profits at $.30 per yard for 31,000 yards were $ 9,300 and since plaintiffs' loss of profits, computed at $.43 per yard is $ 13,330, plaintiffs are entitled to recover from defendants the total amount of $ 22,630, excluding any claim for statutory damages and attorney fees."
68126229af06ea2cad50176b,6000,"...for a total of $ 6,000)..."
68126233af06ea2cad50176c,26000,"With respect to Blue Moon and the Dag[u]ls, I believe based on the record and the circumstances of this case that a statutory damages award in the amount of $ 25,000.00 would be proper. Accordingly, I will treat plaintiffs' request for $ 1,000.00 as an election of statutory damages against the Hakimis and H & S (see Plaintiffs' Affirmation at p. 8, para. D)."
68126236af06ea2cad50176d,N/A,
68126260af06ea2cad50176e,130000,"The district court's final judgment and decree of permanent injunction awarded plaintiffs statutory damages of $ 20,000.00 against defendants Kenny, Network   and Cooper based on their willful, direct and contributory copyright infringements and for-profit violations of the communications laws. The district court also awarded plaintiffs additional statutory damages against Kenny and Network for their separate willful, for-profit communications violations. While an explanation would have been helpful, we cannot say that the joint and several award of $ 20,000.00 against Kenny, Network and Cooper for willful, direct and contributory copyright infringements and for- profit communications violations as well as the $ 110,000.00 award against Kenny and Network for separate willful, for-profit communications violations are outside the statutory limitations under various combinations of the number of infringements and communications violations multiplied by the court's assigned values under the respective statutes."
68126265af06ea2cad50176f,N/A,"Because BTA did not register its copyright before TPG published its study, it could not recover statutory damages."
68126269af06ea2cad501770,307500,"As the court has no evidence before it concerning profits obtained by Koritech or losses incurred by Dae Han as a result of the infringements, the court will award the statutory minimum of $ 500 for each of the 615 infringements committed by Koritech, resulting in a total award of $ 307,500."
6812626daf06ea2cad501771,12000,"Plaintiffs, members of the American Society of Composers, Authors and Publishers (""ASCAP"") filed the present copyright action under 17 U.S.C. §§ 1 et seq. alleging eight causes of action for copyright infringement against defendants Barwein, Ltd., Janusz Rutkowski, and Halina Rutkowski based on unauthorized public performances of copyrighted musical compositions at the Sweet Cherry Resort in Berrien County, Michigan."" ""The Court finds that the amount awarded per infringement in this case, $ 1500, is not only reasonable but also is in line with similar cases."
68126273af06ea2cad501772,231000,"Illinois Bell opted for statutory damages and the district court considered an award of $ 8,250 for each infringement to be just to ensure that Haines 'did not profit from violating the copyright laws, and to discourage future violations.' The court then determined there were 28 acts of infringement and ordered a total damage award of $ 231,000."
6812627baf06ea2cad501773,N/A,N/A
68126280af06ea2cad501774,1000,"Plaintiffs in this case have elected to seek statutory damages, rather than to prove actual damages. Therefore, this Court will grant the plaintiffs $ 500.00 in damages for each of the defendants' two violations."
68126282af06ea2cad501775,N/A,N/A
6812628aaf06ea2cad501776,1500,"IT IS FURTHER ORDERED that plaintiffs are entitled to statutory damages under 17 U.S.C. § 504 in the amount of $ 1,500.00."
6812628faf06ea2cad501777,4000000,...the award of $ 4 million in statutory damages.
68126294af06ea2cad501778,N/A,"Since the burden of proving an innocent infringement is on the defendant, id., and the district court did not and could not make any finding of innocence concerning the defendants who failed to appear, the judgment against each defaulting defendant in docket number 89-9264 must be modified to increase the award of statutory damages to $ 500, which is all that Warner seeks."
6812629aaf06ea2cad501779,N/A,N/A
6812629daf06ea2cad50177a,20500,"Defendant WTD is liable to Disney for $ 10,000 in statutory damages, while the remaining seven other defendants are liable for statutory damages of $ 1,500 each."
681262a2af06ea2cad50177b,5000,"Therefore, judgment for statutory damages in the amount of $ 5,000.00 will be awarded to Reebok and against Jemmett."
681262a6af06ea2cad50177c,8500,"Having considered the nature of the infringement and defendants' repeated failure to respond to the warnings by plaintiff, this Court shall award damages in the amount of $ 500 for each of the seventeen proven copyright infringements."
681262c1af06ea2cad50177e,N/A,
681262eeaf06ea2cad501781,10000,"After a six-day trial, the jury returned a verdict finding that Studio 21 had willfully infringed Video Views' copyrights in two of the seven adult films involved in the action. The district court granted Studio 21's motion for a judgment notwithstanding the verdict on the issue of willfulness, but awarded Video Views statutory damages in the amount of $ 5,000 for each infringement."
681262f3af06ea2cad501782,6300,"In this case, the Court finds an award of $ 900 per    infringement, or a total of $ 6300, to be adequate to serve the purposes of the copyright laws."
68126300af06ea2cad501784,40000,"Furthermore, the plaintiffs received statutory damages in the amount of $ 40,000, approximately three times the amount of the expectable license fees that Charlie Club would have owed had it secured licenses."
68126302af06ea2cad501785,N/A,"To the extent Jonette opted to recover statutory damages in lieu of its actual damages plus Weiman's profits for those items which had been registered with the Copyright Office, this sum includes an appropriate amount of statutory damages to which Jonette is entitled."
68126306af06ea2cad501786,N/A,N/A
68126308af06ea2cad501787,N/A,"On the question of whether K-Mart is an intentional and willful infringer, K-Mart argues that this question is relevant only if a plaintiff in a copyright infringement action elects to recover statutory damages pursuant to 17 U.S.C. § 504 (a) (2). See 17 U.S.C. § 504(c) (2). Because Hukafit has elected to recover actual damages based on K-Mart's profits, K-Mart suggests that the Court need not reach the issue of willfulness."
68126319af06ea2cad501789,134000,"Because Zakarian does not contest the number of infringements asserted by plaintiffs, the Court finds that plaintiffs have established 134 separate infringements by Zakarian of their respective copyrights. Plaintiffs suggest that judgment in the amount of $ 1,000.00 for each infringement would be ""justified and reasonable"" in this case."
6812631caf06ea2cad50178a,108000,"This Court correspondingly finds that defendants have acted willfully in infringing upon plaintiff's copyright and, pursuant to 17 U.S.C. § 504(c)(2), this Court GRANTS plaintiff statutory damages in the amount of $ 4,000 for each of the twenty-seven infringements admitted by the defendants in this action."
68126329af06ea2cad50178b,762500,"Alternatively, I find that plaintiff is entitled to statutory damages in the amount of $ 680,000 against Dang's/UE, $ 35,000 against Flushing Star; $ 32,500 against Queens Video; $ 7,500 against Chan's Video and $ 7,500 against Gong Pictures, totalling $ 762,500."
6812632daf06ea2cad50178c,N/A,N/A
68126330af06ea2cad50178d,N/A,N/A
6812633faf06ea2cad50178e,N/A,"Under § 412 of the copyright act, CA may not be awarded statutory damages or attorney's fees as provided in § 505, because the alleged infringement of ADAPTER by OSCAR 3.4 commenced before the effective date of its registration."
68126344af06ea2cad50178f,10000,"Accordingly, the defendants are jointly and severally liable to plaintiff for $ 10,000 in statutory damages."
68126348af06ea2cad501790,N/A,"Taking this into consideration, and the fact that from October 1, 1986 until December 31, 1991, COHEN will have avoided a total of $ 2,582.91 in license fees, the court finds that statutory damages in the amount of $ 1,500 per infringement appropriate."
6812634baf06ea2cad501791,N/A,N/A
6812634baf06ea2cad501792,N/A,
6812634caf06ea2cad501793,N/A,"In this case, the district court awarded damages in the amount of $ 15,000 for each infringement."
6812634caf06ea2cad501794,2648,"However, Alentino has not demonstrated any reason why a statutory damages award should exceed Chenson's maximum possible profits. In the Court's view, that maximum profits figure -- $ 2648.00 -- constitutes a fair and reasonable damages award. Chenson is ordered to pay Alentino that amount, plus 9% interest from October 18, 1989."
6812634daf06ea2cad501795,N/A,N/A
6812634daf06ea2cad501796,N/A,"Finally, in the alternative, K-T argues that it is entitled to the  statutory damages, not to exceed $ 100,000, provided for by 17 U.S.C. 504(c)(2), for a willful infringement. Given the circumstances of this case, the Court finds that damages in the amount of $ 46,000, defendants' profits, would fairly and adequately compensate K-T for the infringement of its copyright. ORDERED that Kepner-Tregoe, Inc. recover of the defendant Leadership Software, Inc. the sum of $ 46,000 with interest thereon at the rate of 10% as provided by law, and its costs of action, including, pursuant to 17 U.S.C. § 505, its attorney's fees."
6812634faf06ea2cad501797,N/A,N/A
68126351af06ea2cad501798,N/A,"Finally, we note that Rogers remains at liberty to elect statutory damages in lieu of an award of actual damages and apportioned profits. See 17 U.S.C. § 504(c). In fact, given Koons' wilful and egregious behavior, we think Rogers may be a good candidate for enhanced statutory damages pursuant to 17 U.S.C. § 504(c)(2)."
68126352af06ea2cad501799,23500,"The court awarded them $ 500 per infringement, totalling $ 23,500 in statutory copyright infringement damages."
68126354af06ea2cad50179a,3420,"Here, upon consideration of these factors, the Court concludes that an award of $ 3,420 is just."
68126355af06ea2cad50179b,N/A,N/A
68126356af06ea2cad50179c,100000,"Plaintiff asks for statutory damages in the maximum amount of $ 100,000 and attorneys' fees."
6812cad0af06ea2cad50179f,N/A,"The plaintiffs have elected to receive actual damages in this case, and submitted evidence on the proper measure of actual damages."
6812cad1af06ea2cad5017a0,N/A,"Therefore, we vacate the district court's award of statutory damages and remand for reconsideration in light of our conclusion."
6812cad2af06ea2cad5017a1,2500,"Taking into consideration the findings on infringement as well as the purposes of the Copyright Act, I award two thousand five hundred and 00/lOO dollars ($ 2,500.00) in statutory damages to plaintiffs."
6812cad3af06ea2cad5017a2,N/A,"The plaintiff states said  [***1952]  cases were equitable in nature, and state that in the case sub judice, she is not asking for any equitable relief since ""the defendant has complied with her requests to remove the infringed material. Plaintiff only seeks statutory damages."" Plaintiff's Response, May 27, 1992, p. 1. The plaintiff additionally submits that she does not seek minimal statutory damages, but rather she is asking for maximum statutory damages on twelve of the alleged infringements, and an increased amount on five of the alleged infringements for willfulness."
6812cad5af06ea2cad5017a3,30000,"In the exercise of my discretion I assess statutory damages in the amount of $ 30,000."
6812cad5af06ea2cad5017a4,N/A,N/A
6812cad8af06ea2cad5017a5,N/A,"Under the copyright act, the plaintiffs are entitled either to actual damages and lost profits or to statutory damages. 17 U.S.C. § 504."
6812cadaaf06ea2cad5017a7,20000,"After a bench trial, the district court entered judgment for LANS on the copyright infringement claims and awarded statutory damages of $ 10,000 for each infringement, a total of $ 20,000."
6812cadbaf06ea2cad5017a8,5000,"Accordingly, Chenson is ordered to pay Alentino an additional $ 5000 in damages."
6812cae0af06ea2cad5017aa,N/A,N/A
6812cae1af06ea2cad5017ab,N/A,"Statutory damages can be as little as $ 200, and as much as $ 100,000."
6812cae2af06ea2cad5017ac,105000,"...in the amount of One Hundred Five Thousand and 00/100 ($ 105,000) dollars, statutory damages, ($ 7500 per infringement);..."
6812cae4af06ea2cad5017ad,4000,"Based on the fact that ASCAP contacted or    attempted to contact Christenson twenty-two times in order to persuade him to obtain a license and on all the other evidence presented, the court finds that damages should be assessed at $ 1,000 per infringement, for a total statute; damage award of $ 4,000."
6812cae5af06ea2cad5017ae,1500,"The Court awards plaintiffs statutory damages for infringement in the amount of $ 500.00 per infringement, for a total of $ 1,500.00."
6812cae8af06ea2cad5017af,N/A,N/A
6812cae9af06ea2cad5017b0,36000,"As for the relief requested, plaintiffs are seeking injunctive relief, statutory damages, costs and attorney's fees, as well as interest thereon. Plaintiffs are seeking an award of damages in the amount of $ 1,000.00 per act of infringement, for a a total of $ 36,000.00 in damages."
6812caf8af06ea2cad5017b3,70000,"Therefore, the Court, in its discretion shall award statutory damages for each of the seven infringements in the amount of $ 10,000 dollars, for a total award of $ 70,000."
6812cb07af06ea2cad5017b4,N/A,N/A
6812cb13af06ea2cad5017b5,120000,"...awarded TPP the following damages: (1) against PIL, either statutory damages of $ 120,000 or actual damages (based on a reasonable royalty) of $ 125,000, at TPP's option;..."
6812cb14af06ea2cad5017b6,15000,"the plaintiffs shall recover statutory damages of $ 2500 on each of the six counts of the complaint, for a total of $ 15,000, plus reasonable attorneys' fees, which to date total $ 6,105, plus costs and interest."
6812cb16af06ea2cad5017b7,250000,"Accordingly, the court permanently enjoins defendant from further infringement of plaintiffs' copyrights or trademarks and finds defendant liable for monetary damages in the amount of $ 250,000 for copyright infringement and $ 33,000 for trademark infringement."
6812cb17af06ea2cad5017b8,N/A,"Here, Kleier has elected to seek actual damages."
6812cb18af06ea2cad5017b9,24000,"Taking all of these factors into consideration, along with the purposes of the Copyright Act, this Court finds that   the copyright holders are entitled to statutory damages in the amount of $ 2,000 for each of the twelve infringements, under 17 U.S.C. § 504(c)(2), for a total of $ 24,000."
6812cb19af06ea2cad5017ba,11000,"Furthermore, the Court ORDERS the Defendant to pay to the Plaintiffs in the original litigation, Superhype Publishing, Inc., Funky Metal Music, Guns N' Roses Music and New Jersey Underground Music, Inc. statutory damages of $ 1,500 each for copyright violations on June 28-29, 1991 and to pay the Plaintiffs in the second litigation, Funky Metal Music and Creeping Death Music, statutory damages of $ 2,500 each for copyright violations on February 8-9, 1992."
6812cb1aaf06ea2cad5017bb,4500,"The court further finds that plaintiffs are entitled to statutory damages in the amount of $ 1,500 per infringement, for a total award of $ 4,500 and that the sum is an appropriate amount to deter the defendants from continuing their infringing conduct and to sufficiently protect the copyrights held by the plaintiffs."
6812cb1baf06ea2cad5017bc,N/A,"The plaintiffs seek one $ 50,000 statutory damages award against each defendant for each copyright violation, that is, for each tape that each defendant sold or held for sale."
6812cb1daf06ea2cad5017bf,11500,"Accordingly, defendants are liable to plaintiffs in the amount of $ 11,500 in statutory damages for copyright infringements, $ 1,747.00 in attorney's fees, and $ 485.37 in costs and expenses."
6812cb22af06ea2cad5017c1,N/A,Both acts provide for the award of statutory damages.
6812cb25af06ea2cad5017c2,2500,"Gamma was awarded $ 2,500 in statutory damages, as well as costs and attorney's fees."
6812cb26af06ea2cad5017c3,25000,"IT IS, THEREFORE, BY THE COURT ORDERED THAT defendants are jointly and severally liable to plaintiffs in the amount of $ 25,000.00 in statutory damages for copyright infringement violations."
6812cb27af06ea2cad5017c4,N/A,"Therefore, the Court will impose only the minimum damage award specified by law ($ 500.00 per violation)."
6812cb28af06ea2cad5017c5,2900,"For the foregoing reasons, and upon the entire record, the Court awards plaintiff the statutory damages pursuant to 17 U.S.C. § 504(c)(1) that it considers just: $ 2,900."
6812cb29af06ea2cad5017c6,N/A,N/A
6812cb2aaf06ea2cad5017c7,6000,"...for a total of $ 6,000..."
6812cb2baf06ea2cad5017c8,N/A,N/A
6812cb31af06ea2cad5017c9,N/A,N/A
6812cb33af06ea2cad5017ca,150000,"It set damages at $ 50,000 for each of the three copyright infringements."
6812cb37af06ea2cad5017cb,6000,"Accordingly, the Court finds that the Plaintiffs' request of statutory damages of $ 2000.00 per violation, or a total of $ 6,000.00 -- an amount approximately three times what the Defendant would have paid to be licensed -- is a modest, just and appropriate award under section 504(c)(1)."
6812cb37af06ea2cad5017cc,2000,"Mirage seeks statutory damages in the sum of $ 10,000 against each of the four named defendants. Because the court is constrained only by the ""maxima and minima"" provided in the statute and Mirage has failed to provide a factual basis for its statutory damages request, the court concludes that Mirage is entitled to statutory damages in the amount of $ 500 per defendant."
6812cb38af06ea2cad5017cd,6000,"Judgment is entered in favor of plaintiffs for statutory damages in the amount of $ 1,500.00 for each of the four infringements for total damages of $ 6,000.00."
6812cb39af06ea2cad5017ce,N/A,N/A
6812cb3baf06ea2cad5017cf,N/A,"Accordingly, the plaintiffs are entitled to an award of $ 20,000 against each defendant as statutory damages."
6812cb3eaf06ea2cad5017d0,6000,"The determination of statutory damages is left to the discretion of the trial court. In order to complete the record for appeal, and acting (contrary to my own determination) on the assumption that plaintiffs have proved a prima facie case so judgment should enter in their favor for six copyright infringements by the exhibitors, I find damages of $ 6,000 ($ 1,000 per infringement) to be appropriate."
6812cb3eaf06ea2cad5017d1,N/A,N/A
6812cb3faf06ea2cad5017d2,4500,"Plaintiffs seek, in their motion, statutory damages of $ 2,500 for each of the three counts of infringement. As in Vasiliou and Jasperilla, I believe that $ 1,500 per occurrence is the appropriate amount to award in statutory damages."
6812cb40af06ea2cad5017d3,110000,"At $ 10,000 per work infringed, this came to a total of $ 110,000 for the eleven works found infringed."
6812cb44af06ea2cad5017d5,0,"However, in examining the statutory damages for copyright infringement, the Court FINDS that no such damages have been proven by either Peiffer or KKI. Therefore, the Court does not award any such damages."
6812cb50af06ea2cad5017d6,N/A,
6812cb51af06ea2cad5017d7,400000,"On May 17, 1994, the jury returned a verdict in favor of plaintiff, awarding maximum statutory damages in the amount of $ 400,000.00."
6812cb51af06ea2cad5017d8,12000,"(2) the plaintiffs shall recover from the defendant the sum of $ 12,000 in statutory damages under 17 U.S.C. § 504, plus postjudgment interest accumulating at the rate of 5.69% per annum from the date of the entry of this judgment until paid;"
6812cb52af06ea2cad5017d9,N/A,N/A
6812cb53af06ea2cad5017da,N/A,"In the present case, the Plaintiffs seek an award of $ 2,000 per infringement."
6812cb54af06ea2cad5017db,65000,"At its conclusion, the court awarded Nintendo statutory damages under the Copyright Act of $ 65,000, representing $ 5,000 for each of the thirteen copyright infringements."
6812cb54af06ea2cad5017dc,7500,"Because $ 2,500 per work is a just and reasonable penalty in these circumstances, this court awards $ 7,500 in total statutory   damages to Plaintiffs."
6812cb56af06ea2cad5017de,7500,"Furthermore, we award plaintiffs statutory damages in the amount of $ 7,500, attorney's fees in the amount of $ 2,955, and costs in the amount of $ 195.50."
6812cb56af06ea2cad5017df,N/A,"The district court    awarded these Plaintiffs $ 1,000 per infringement, an amount well below the statutory maximum and easily within the broad discretion accorded the district court in assessing statutory copyright damages."
6812cb56af06ea2cad5017e0,3500,"ORDERED and ADJUDGED that plaintiffs are awarded damages pursuant to 17 U.S.C. § 504 and shall recover from defendants jointly and severally   the amount of Three Thousand, Five Hundred Dollars ($ 3,500.00);"
6812cb57af06ea2cad5017e2,140000,"The district court awarded BMI the maximum statutory damages for non-willful infringement, totaling $ 140,000--$ 10,000 for each of the 14 infringing performances."
6812cb58af06ea2cad5017e3,7500,"The Court agrees with plaintiffs that a statutory damage remedy of $ 7,500, which is $ 1,500 for each of the five violations, along with the award of attorney fees discussed below."
6812cb59af06ea2cad5017e4,N/A,"In the present case, we have previously determined that Holabird is not entitled to statutory damages or attorneys' fees."
6812cb5aaf06ea2cad5017e5,N/A,Plaintiff sought discovery on the damages issue and also asked for an award of statutory damages.
6812cb5faf06ea2cad5017e6,66000,"...based on the defendants' alleged unauthorized public performance of thirty-three (33) musical compositions from the BMI repertoire."" ""Plaintiffs should be awarded statutory damages under 17 U.S.C. § 504(c)(2) in the amount of $ 2000 per documented infringement;"
6812cb64af06ea2cad5017e7,8000,"In view of the foregoing, the Court agrees with plaintiffs' assertion that statutory damages of $ 2,000 per infringing performance for a total award of $ 8,000 is appropriate."
6812cb6daf06ea2cad5017e8,N/A,
6812cb70af06ea2cad5017e9,N/A,N/A
6812cb76af06ea2cad5017ea,N/A,
6812cb79af06ea2cad5017eb,N/A,N/A
6812cb7aaf06ea2cad5017ec,8750,"...award statutory damages in the amount of $ 8,750.00."
6812cb7eaf06ea2cad5017ed,N/A,
6812cb82af06ea2cad5017ee,N/A,
6812cb88af06ea2cad5017ef,167000,"Accordingly, plaintiffs are entitled to damages in the amount of $ 167,000 ($ 500 per infringement act multiplied by 334 infringements acts)."
6812cb9aaf06ea2cad5017f0,25000,"...affirm the award of $ 13,221.20 in infringing profits and of $ 25,000 in statutory damages..."
6812cba3af06ea2cad5017f1,100000,"The October 14 order awarded the plaintiff enhanced statutory damages in the amount of $ 100,000, costs and attorneys' fees, and entered a permanent injunction restraining the defendants from further infringement."
6812cba9af06ea2cad5017f2,300000,"The Court will award Microsoft $ 300,000 in damages for Defendants' intentional infringement of its copyrights in MS-DOS 5.0, MS-DOS 6.0 and 6.2, and Windows 3.1 and 3.11."
6812cbaaaf06ea2cad5017f3,N/A,N/A
6812cbadaf06ea2cad5017f4,N/A,N/A
6812cbafaf06ea2cad5017f5,42000,"In the present case, the district judge awarded Grateful Dead Productions and Ice Nine a total of $ 42,000 in statutory damages."
6812cbb4af06ea2cad5017f6,400000,"The jury awarded Superior Form $ 400,000 in statutory damages, the maximum allowable, and the district court awarded Superior Form $ 74,104.50 in attorneys fees and costs."
6812cbb8af06ea2cad5017f7,5000,"Having considered all of the relevant factors, the Court determines that plaintiffs are entitled to a statutory damages award in the amount of $ 1000 per copyright infringement, for a total of $ 5000."
6812cbbeaf06ea2cad5017f8,12000,"an award of statutory damages totalling $ 12,000 ($ 1,500 per song) is appropriate to compensate the copyright owners herein and to provide a deterrent for defendants and other would-be infringers."
6812cbc3af06ea2cad5017f9,N/A,N/A
6812cbcbaf06ea2cad5017fb,N/A,
6812cbceaf06ea2cad5017fc,N/A,"Since plaintiff's election was not made before final judgment was rendered, it is DENIED. Since plaintiff does not offer any grounds upon which a Rule 60(b) motion could be granted, the motion is DENIED."
6812cbd2af06ea2cad5017fd,N/A,Establishing such a pattern of infringement is necessary in order to obtain injunctive relief and enhanced statutory damages against an infringer who has infringed and will continue to infringe protected works.
6812cbe1af06ea2cad5017fe,56500,"Furthermore, I respectfully recommend that statutory damages in the amount of $ 39,500 be assessed against defendant Aegean, that statutory damages in the amount of $ 17,000 be assessed against defendant Flair, that Plaintiff's request for pre- judgment interest be denied, and that liability on these statutory awards be several but not joint."
6812cbe6af06ea2cad5017ff,156000,"Accordingly, this Court awards statutory damages   of $ 156,000 for 156 separate violations of the Copyright Act, and actual damages of $ 7,000,000 for violating the Lanham Act."
6812cbecaf06ea2cad501800,N/A,"Being an unpublished work and because Defendants commenced their infringement of Plaintiff's copyright in the architectural drawings before December 6, 1993, the effective date of Plaintiff's registration of copyright, subsection (1) of § 412 prohibits an award of statutory damages and attorneys' fees."
6812cbeeaf06ea2cad501801,N/A,"BMI also requests statutory damages pursuant to 17 U.S.C. § 504(c) in the amount of $ 2,000 per  violation."
6812cc60af06ea2cad501802,N/A,N/A
6812cc62af06ea2cad501803,20000,"Accordingly, plaintiffs shall recover statutory damages in the total amount of $ 20,000 from Parker."
6812cc65af06ea2cad501805,N/A,The district court held in favor of Magnuson on the copyright claim and awarded $ 375 in damages.
6812cc67af06ea2cad501806,4000,"In March 1995, the court granted summary judgment to the music companies, permanently enjoining C.H.L.R. from engaging in infringing activities, awarding $ 1000 in statutory damages for each of the four infringements, and awarding $ 1119 in costs and $ 5469 in attorney fees."
6812cc69af06ea2cad501807,800000,"Defendants shall pay statutory damages in the amount of $ 800,000.00 to Plaintiffs."
6812cc69af06ea2cad501808,5000,"In light of defendant's default, and  the compensatory and deterrent purposes of statutory damage awards, see, e.g., N.A.S. Import, Corp. v. Chenson Enterprises, Inc., 968 F.2d 250, 252 (2d Cir. 1992); Cross Keys Publishing Co., Inc. v. Wee, Inc., 921 F. Supp. 479, 481-82 (W.D. Mich. 1995), plaintiff should be awarded $ 5,000 in statutory damages from defendant, who, according to the well-pleaded allegations of the complaint, is the manufacturer of the goods."
6812cc6aaf06ea2cad501809,9000000,"The district court assessed Feltner $ 9,000,000 in statutory damages--$ 10,000 for each of the 900 occasions on which MCA's programming was improperly aired."
6812cc6daf06ea2cad50180a,N/A,N/A
6812cc6daf06ea2cad50180b,N/A,"It is the Court's judgment that, based on the particularly egregious and willful nature of Mr. Lopez's conduct, a maximum award of statutory damages or $ 100,000 for each of the works infringed is warranted."
6812cc6faf06ea2cad50180c,N/A,N/A
6812cc71af06ea2cad50180d,9100000,"For the reasons set forth above, I recommend that Plaintiffs' Motion for Final Judgment on Default be granted, and that Plaintiffs be awarded judgment in the amount of $ 9,100,000, representing an award of statutory damages, calculated at the maximum statutory damage rate of $ 100,000 for each of the 91 copyrighted works infringed."
6812cc73af06ea2cad50180e,5000,"Finally, Khalifa argues that the district court abused its discretion in awarding statutory damages of $ 5000 for the five instances of copyright infringement."
6812cc75af06ea2cad50180f,60000,"Therefore, Plaintiffs are entitled to a statutory damage award pursuant to 17 U.S.C. § 504(c)(1) in the amounts of $ 40,000.00 for the two infringements of the ""Beating of Reginald Denny"" and $ 20,000.00 for the two infringements of Beating of    Man in White Panel Truck""; a total award of $ 60,000.00."
6812cc80af06ea2cad501810,2500,"In light of the five instances of infringement which occurred in this case, because the penalty is being assessed against an individual of limited means who has already expended considerable sums in this litigation, and because RTC has indicated its express desire to seek only the statutory minimum, provided its copyrights are protected, the Court intends to award the statutory minimum of $ 500 for each infringement, for a total statutory award of $ 2,500 in favor of RTC and against defendant Lerma, unless the RTC convinces the Court to do otherwise."
6812cc86af06ea2cad501811,99000,"Plaintiffs also seek an award of statutory damages in the amount of $ 1000 for each of the nine acts of copyright infringement which occurred prior to the filing of their original complaint, and in the amount of $ 5000 for each of the eighteen acts of infringement which they allege were wilful because those acts occurred after the filing of their original complaint and are included in the amended complaint."
6812cc87af06ea2cad501812,390000,"7. Under these circumstances, plaintiff Central Park Media Corporation should be awarded statutory damages in the sum of $ 10,000 for each   copyright infringed. As plaintiff Central Park Media Corporation has shown that 39 titles have been infringed, the total award should be $ 390,000."
6812cc8faf06ea2cad501813,160240,"...statutory damages in the total amount of $ 160,240.00..."
6812cc9faf06ea2cad501814,30000,"The plaintiffs allege infringement of the copyrights on six different works that were excerpted without permission. Here the district court awarded $ 5,000 per work infringed, characterizing the amount of the award as ""a strong admonition from this court."" 855 F. Supp. at 913."
6812cca5af06ea2cad501815,N/A,"In the case at bar, Plaintiff elected to seek profits rather than actual damages. (Amended Report at 12.)"
6812ccadaf06ea2cad501816,N/A,
6812ccbcaf06ea2cad501817,10000,"Therefore, the Court awards statutory damages in the amount of $ 10,000."
6812ccc7af06ea2cad501818,10000,"Therefore, the Court awards statutory damages in the amount of $ 10,000."
6812cccaaf06ea2cad501819,40000,"Moreover, the plaintiffs' request for $ 4,000 for each of the ten infringements, for a total statutory award of $ 40,000, seems reasonable."
6812ccd3af06ea2cad50181a,8800000,"...awarded Columbia $ 8,800,000 in statutory damages..."
6812ccd5af06ea2cad50181b,84000,"In its discretion, the Court holds that an award of $ 10,000.00 against this defendant constitutes a fair measure of damages, and will enter judgment for the plaintiffs to have and recover that amount from defendant Fulano de Tal d/b/a Negocio I (Sin Nombre)."" ""Therefore, in its discretion the Court holds that an award of $ 22,000.00 fairly punishes this defendant and compensates the plaintiffs, and will enter judgment for the plaintiffs to have and recover that amount from defendant Fulano de Tal d/b/a Las Delicias."" ""In its discretion the Court holds that an award of $ 14,000.00 fairly punishes this defendant and compensates the plaintiffs, and will enter judgment for the plaintiffs to have and recover that amount from defendant Fulano de Tal d/b/a Los Muchachos Cocktail Lounge."" ""In its discretion the Court holds that an award of $ 10,000.00 fairly punishes this defendant and compensates the plaintiffs, and will enter judgment for the plaintiffs to have and recover that amount from defendant Fulano de Tal d/b/a Los Pinchos."" ""In its discretion the Court holds that an award of $ 10,000.00 fairly punishes this defendant and compensates the plaintiffs, and will enter judgment for the plaintiffs to have and recover that amount from defendant Fulano de Tal d/b/a Kenny's Negocio Hot Dog and Hamburgers."" ""In its discretion the Court holds that an award of $ 18,000.00 fairly punishes this defendant and compensates the plaintiffs, and will enter judgment for the plaintiffs to have and recover that amount from defendant Fulano de Tal d/b/a Levi's Sports Bar."
6812cce5af06ea2cad50181d,25000,"Therefore, based on the egregiousness of the defendants' behavior, an award of $ 25,000 in statutory damages is appropriate in this case."
6812cce6af06ea2cad50181e,72500,"Concededly the least culpable of the defendants, Barringtons will be found liable for the minimum statutory damages of $ 500.00 for each of the five works found to have been infringed by that defendant, for a total of $ 2,500.00. The court will award $ 10,000 for each infringing work against Kirklands, for a total of $ 70,000.00."
6812ccecaf06ea2cad501820,20000,"I believe that the sum of $20,000.00 in statutory damages is adequate to accomplish such purposes. Thus, the defendants, jointly and severally, are ordered to pay such sum to the plaintiff as statutory damages."
6812ccf5af06ea2cad501821,207000,"Since Defendant Landa and Frank collectively infringed upon 207 individual movie titles the Court will award Plaintiffs a total award of $ 207,000.00."
6812ccfbaf06ea2cad501822,N/A,IT IS FURTHER ORDERED that no damages are awarded to Plaintiffs for Cyanamid's copyright infringement.
6812cd01af06ea2cad501823,N/A,"However, as an initial matter, as a condition precedent to an award of statutory damages pursuant to Section 505 of the Copyright Act, it is first necessary for the copyright owner to obtain a valid registration for his copyright in the copyright office. As there is nothing in the record to indicate that Walker's architectural designs received federal registration in the Copyright office prior to amending his complaint to add a count of copyright infringement, it is 1997 Mass. Super. LEXIS 195, *7 unclear whether the arbitrator exceeded his authority in awarding statutory copyright damages pursuant to 17 U.S.C. 412(2)."
6812cd08af06ea2cad501824,N/A,"Accordingly, the application of statutory damages would be inappropriate."
6812cd0caf06ea2cad501825,N/A,The court reserves any ruling on the plaintiffs' motion with respect to statutory damages and attorneys' fees and costs.
6812cd1eaf06ea2cad501826,115000,"Hence, the motion for summary judgment on the issue of statutory damages is granted and plaintiffs are entitled to statutory damages in the amount of $ 115,000 for defendants' infringements pursuant to § 504(c)(1)."
6812cd2aaf06ea2cad501827,439000,"Along with the $ 310,000 awarded at summary judgment, the total amount of statutory damages awarded in this case is $ 439,000."
6812cd2daf06ea2cad501828,N/A,"Nevertheless, 17 U.S.C. § 504(a) provides that a copyright infringer is liable either for the copyright owner's actual damages and any additional profits of the infringer, or statutory damages."
6812cd2faf06ea2cad501829,N/A,"17 U.S.C. § 504(a) provides that a copyright infringer is liable either for the copyright owner's actual damages and any additional profits of the infringer, or statutory damages."
6812cd30af06ea2cad50182a,300000,"Thereafter, the Court awarded statutory damages of $ 100,000 for each copyright infringed. Pursuant to 17 U.S.C. § 504, Murray elected   to receive statutory damages for each of three copyrights infringed, and for the infringement of the fourth copyright, the ""Noah's Ark"" design, she elected the jury's award in the amount of $ 235,585.75."
6812cd33af06ea2cad50182b,N/A,N/A
6812cd36af06ea2cad50182c,51000,"He infringed the copyrights of 102 movies, and we grant the plaintiffs their requested damages: $ 500 per infringement, for a total of $ 51,000."
6812cd37af06ea2cad50182d,N/A,"ASCAP also seeks specific relief under 17 U.S.C. § § 502(a), 504(c) and 505, in the nature of: (1) an injunction prohibiting further infringing performances; (2) statutory damages of $ 5,000 for each infringement; and (3) costs, including reasonable attorney's fees."" ""It is also ORDERED that the Motion for Partial Summary Judgment (Docket #: 14) is DENIED, however, as to the request for the assessment of statutory damages and costs."
6812cd40af06ea2cad50182e,N/A,"Furthermore, the arbitrator had full discretion to award statutory damages of up to $ 100,000 pursuant to Section 504(c)(2) of the Copyright Act."
6812cd47af06ea2cad50182f,N/A,"Therefore, I recommend that   the amount of statutory damages be based on the potential revenue loss of the plaintiff because of the defendants' actions. This amounts to the sum total of what each patron would have paid to view the program at home. I also recommend that the plaintiff receive an additional $ 1000 per defendant for the willfulness of the violation."
6812cd4aaf06ea2cad501830,N/A,N/A
6812cd4caf06ea2cad501831,N/A,"Statutory damages cannot be awarded under the facts of this case because PAR registered the copyrights after the development and marketing of the infringing product. In these circumstances, statutory damages are not recoverable."
6812cd58af06ea2cad501833,3737500,"Accordingly, the Court ORDERS defendants Sanfilippo and Five Sense Productions to pay plaintiff $ 3,737,500."
6812cd65af06ea2cad501834,8800000,"Applying that amount to the number of acts of infringement, the trial judge determined that Columbia was entitled to $ 8,800,000 in statutory damages..."
6812cd78af06ea2cad501836,220000,"In consideration of these factors, I conclude that an award of $ 10,000 per infringed work is an appropriate statutory penalty for Comline's willful infringements in this case. Finally, in accordance with the preceding findings, the Court finds that Nihon is entitled to the declaration that it seeks, i.e., that the 22 articles appended to the Complaint constitute infringements of its copyrights, and to an award of its full costs and reasonable attorney's fees under Section 505."
6812cd7daf06ea2cad501837,20000,"For these reasons, we award Martin statutory damages in the amount of $ 20,000 to compensate him for the destruction of Symphony # 1."
6812cd7faf06ea2cad501838,N/A,N/A
6812cd80af06ea2cad501839,15000,"Considering all of the circumstances presented by this case, this Court finds that a total award of $ 10,000 in statutory damages against Boulevard and $ 5,000 in statutory damages against Klub Kaz is appropriate."
6812cd85af06ea2cad50183a,N/A,N/A
6812cd8daf06ea2cad50183b,60000,"The court entered judgment for LANS for $ 60,000 in statutory damages based on the four domestic infringements by Visnews."
6812cd90af06ea2cad50183c,N/A,N/A
6812cda2af06ea2cad50183d,50000,"If plaintiff wishes to opt for statutory damages for the infringement of its copyright on the film Intimo, it will be awarded $ 50,000.00 jointly and severally against the Edde defendants, Christian and Renaissance."
6812cdacaf06ea2cad50183e,N/A,"The district court, however, awarded neither attorney's fees nor statutory damages   under the Copyright Act."
6812cdaeaf06ea2cad50183f,20000,"Therefore I award Storm $ 10,000 per infringement, for a total of $ 20,000 in statutory damages."
6812cdb1af06ea2cad501840,30000,"I find total damages of $ 30,000 sufficient to both restore Feiner and to serve the Copyright Act's deterrent function. In sum, then, I conclude that defendants Passport and Diamond are jointly and severally liable for the willful copyright infringement of twelve of plaintiff Feiner's protected works and for a single still photograph derived from those works, and award damages in the amount of $ 30,000, along with a permanent injunction, a turnover/recall order with the defendant's certification to be filed with the court, and an award of attorney's fees in the amount of $ 15,853.09."
6812cdb3af06ea2cad501841,N/A,"The court held that Custom had willfully infringed Ametex's copyright on a fabric design, ordered injunctive relief and damages, and, pursuant to § 505 of the Copyright Act, ordered Custom to pay Ametex's reasonable attorney's fees and costs."
6812cdcaaf06ea2cad501843,N/A,"Because the Supreme Court's opinion does not alter Feltner's liability for copyright infringement and Columbia's entitlement to statutory damages in an amount to be determined by a jury, Feltner is not the prevailing party in this case."
6812cdd4af06ea2cad501844,N/A,Her remedy is limited to actual damages or statutory damages.
6812cddaaf06ea2cad501845,40500,"The Court found that the registered articles had originally appeared in 15 different publications and concluded that the plaintiffs were entitled to 15 awards of statutory damages. The Court found the violations willful, see 17 U.S.C. § 504(c)(1), and set each statutory award at $ 2,700."
6812cde0af06ea2cad501846,N/A,N/A
6812cde4af06ea2cad501847,15000,"I find that an award of $ 5,000 per copyright, or $ 15,000 is the appropriate amount of statutory damages here."
6812cdefaf06ea2cad501849,90000,"Accordingly, I award statutory damages to ASA Music in the amount of $ 90,000 against Surya and John Thomas jointly and severally."
6812cdf2af06ea2cad50184a,1000,"Finding the infringements not to be wilful, the court ordered minimal statutory damages of $ 1000."
6812cdf3af06ea2cad50184b,109000,"Plaintiff is awarded $ 500.00 in statutory damages for each of 218 infringements of its copyrighted programs, for a total of $ 109,000.00."
6812cdf9af06ea2cad50184c,N/A,N/A
6812cdfaaf06ea2cad50184d,90000,"After considering the evidence and arguments at trial the Court entered a decision and order on September 28, 1998 awarding Plaintiff ASA Music statutory damages against Surya and John Thomas in the amount of $ 90,000.00."
6812ce00af06ea2cad50184e,220000,"The district court awarded Nikkei statutory damages of $ 220,000, attorney's fees of $ 200,000, and a declaratory judgment that the 22 abstracts were infringements;"
6812ce1aaf06ea2cad501850,N/A,N/A
6812ce22af06ea2cad501851,500000,"Among other relief, Mr. Phillips seeks an award of $ 100,000 in statutory damages for each infringement of his mazes, see 17 U.S.C. § 504(c), as well as costs and attorney's fees, see id. § 505."" ""Defendant's motion for summary judgment requesting this court to find that Defendant is liable for five infringements of Plaintiff's copyrights for purposes of calculating statutory damages under 17 U.S.C. § 504(c) is granted:"
6812ce37af06ea2cad501852,N/A,"Montgomery also moved for an award of statutory damages pursuant to 17 U.S.C. § 504(c)(1), but the district court declined to award additional damages."
6812d356af06ea2cad501853,N/A,"However, the plaintiffs have not clarified and it is not possible to determine on the current record those works for which the plaintiffs do claim statutory damages and attorneys' fees."
6812d35baf06ea2cad501854,2500,"Because $ 2,500 is just and reasonable in this case, and falls within the statutory guidelines of § 540(c), the Court AWARDS $ 2,500 in total statutory damages to SBCCI."
6812d35daf06ea2cad501855,N/A,N/A
6812d367af06ea2cad501856,N/A,"In its complaint, MCA sought both a preliminary injunction and damages under the Copyright Act."
6812d371af06ea2cad501857,N/A,"Accordingly, as Davis concedes, he is not entitled to statutory damages and attorney's fees."
6812d373af06ea2cad501859,30000,"Thus the Court awards plaintiffs the $ 30,000 they seek for the violations of the three copyrights."
6812d375af06ea2cad50185a,N/A,N/A
6812d378af06ea2cad50185b,100000,"Awarding K-T the maximum statutory damages of $ 100,000, the district court found that Dr. Vroom's continued use of the MPO program in his executive training seminars, despite his knowledge of two federal court decisions in Texas that held the MPO program infringed K-T's licensed materials, constituted willful infringement."
6812d37baf06ea2cad50185d,N/A,N/A
6812d37caf06ea2cad50185e,N/A,"Alexander did not elect statutory damages before the case was submitted to the jury. Therefore, only actual damages are available to Alexander, which he now requests in the form of an award of Modrak's profits from the infringement, pursuant to 17 U.S.C. § 504(a) and (b)."
6812d37daf06ea2cad50185f,8733,"Because defendant's infringement was willful, an award of $ 8,733.37 in copyright damages will be granted, doubling the contract damages sustained."
6812d380af06ea2cad501860,N/A,N/A
6812d382af06ea2cad501861,N/A,"However, the district court concluded that the University did not prove any damages from the copyright infringement."
6812d384af06ea2cad501862,97000,"Based on the evidence proffered, we award plaintiff, as against the Let Us Entertain You defendants, infringer's profits under 15 U.S.C. § 1117   (a) in the amount of $ 33,750.00 and statutory damages under 17 U.S.C. § 504(c) in the amount of $ 48,500.00. As against Party USA, we award plaintiff $ 6,375.00 in infringer's profits and $ 48,500 in statutory damages."
6812d388af06ea2cad501863,N/A,It is not entirely clear what Plaintiff is seeking as a remedy for Defendant's alleged infringement of Plaintiff's copyrighted material.
6812d389af06ea2cad501864,N/A,"C. An award of damages pursuant to 17 U.S.C. § 503 and the common law of the state of Minnesota, including (i) Schoolhouse's actual damages resulting from Anderson's infringement, (ii) Anderson's profits resulting from Anderson's infringement, and (iii) statutory damages. D. A finding that Anderson has willfully infringed upon Schoolhouse's copyright and an award to increased statutory damages pursuant toll U.S.C. § 504(c)(2)."
6812d38aaf06ea2cad501865,N/A,
6812d3bbaf06ea2cad501867,275000,"With respect to damages, the jury awarded Yurman Design (1) statutory damages in the amount of $ 275,000 for PAJ's copyright infringement, and (2) $ 800,000 in punitive damages on Yurman Design's unfair competition claim."
6812d3bdaf06ea2cad501868,N/A,N/A
6812d3bfaf06ea2cad501869,N/A,N/A
6812d3bfaf06ea2cad50186a,15000,"Accordingly, I recommend that the Court enter judgments against defaulting defendants Little Rickie and Freaks for statutory copyright damages in the amount of $ 7,500 each (and include in the final judgment the injunctive relief already included in the original default judgment)."
6812d3c0af06ea2cad50186b,20000,"Under these circumstances, the court believes that a statutory damages award of $ 10,000 per work (for a total of $ 20,000) is warranted."
6812d3c6af06ea2cad50186d,N/A,"Under the Copyright Act, the present statutory minima and maxima are $ 200 and $ 100,000, respectively, for each copyright infringed."
6812d3cbaf06ea2cad50186e,N/A,N/A
6812d3cdaf06ea2cad50186f,500,"Infotext, Inc., appeals an award of $ 500 in statutory copyright damages following a default judgment in its favor."
6812d3d4af06ea2cad501870,100000,"The jury also found that the Wo-Di and Leon's Molds sales were willful infringements and awarded Cotter $ 100,000 in statutory   damages."
6812d3e5af06ea2cad501871,440000,"Based on the record, this court ORDERS defendants to pay Microsoft $ 15,000.00 for each of the six separate copyright infringements and $ 50,000.00 for each of the seven separate trademark infringements, for a total award of $ 440,000.00."
6812d3e8af06ea2cad501872,1800000,"At that time, Plaintiff calculated her damages as $ 1,800,000 ($ 100,000 per photograph)  and noted there was case law suggesting each ""hit"" may be considered a separate infringement."
6812d3eaaf06ea2cad501873,N/A,N/A
6812d3f4af06ea2cad501874,N/A,
6812d407af06ea2cad501876,N/A,"Under these circumstances, we are convinced that the district court's conclusions and its award of the minimum statutory damages on each of the five counts of copyright infringement are free of error."
6812d419af06ea2cad501877,2557500,"For the reasons set forth below, the Court awards plaintiff NFL $ 2,557,500 in statutory damages and $ 45,792.99 in costs, but does not award the NFL attorneys' fees."
6812d42daf06ea2cad501878,N/A,"If such royalties were imposed,    Napster would avoid penalties for any future violation of an injunction, statutory copyright damages and any possible criminal penalties for continuing infringement."
6812d444af06ea2cad50187a,N/A,"The district court first noted that Davis was not eligible for ""statutory damages"" under 17 U.S.C. § 504 (c) due to the fact that he had not registered his copyright within three months of his first ""publication"" of his work or prior   to the allegedly infringing use by the Gap."
6812d44caf06ea2cad50187c,5000,"Treating Party Poopers as a first-time offender, I find that an award of $ 5,000 under the Copyright Act would be an adequate deterrent."
6812d458af06ea2cad50187d,N/A,"Plaintiff claims that Zambrano violated the above-listed Acts through its acts and omissions, in violation of its exclusive rights as owner of the copyrights of the photographs and art work included in its prepaid calling cards and seeks an award of damages pursuant to 17 U.S.C. § 504 and § 505."
6812d46baf06ea2cad501880,N/A,"Plaintiff admits that because it did not register its copyright before Teletronics' infringement, it may not seek statutory damages or attorneys' fees."
6812d475af06ea2cad501881,N/A,N/A
6812d489af06ea2cad501883,275000,"The jury found that each of PAJ's four infringements was willful, and awarded a total of $ 275,000."
6812d48eaf06ea2cad501884,N/A,N/A
6812d493af06ea2cad501885,N/A,N/A
6812d499af06ea2cad501886,500000,"...for a total of $ 500,000."
6812d4a6af06ea2cad501888,N/A,N/A
6812d4abaf06ea2cad501889,4108,"However, under § 504(c)(1), New Line has opted to recover statutory damages. Accordingly, I award New Line $ 4,108."
6812d4c7af06ea2cad50188b,N/A,"CoStar's motion as to statutory damages IS DENIED, while LoopNet's motion IS GRANTED;"
6812d4deaf06ea2cad50188d,N/A,N/A
6812d4e3af06ea2cad50188e,N/A,N/A
6812d4e5af06ea2cad50188f,3000,"As such, we conclude that the appropriate level of damages is $ 750 for each of the four infringed works, or   a total of $ 3000."
6812d4e9af06ea2cad501890,90000,"For these reasons, the Court ORDERS Defendants to pay Plaintiff $ 90,000 in statutory damages for copyright infringement."
6812d4f2af06ea2cad501892,180000,"Since Defendants have failed to oppose Microsoft's motion, and have further not complied with the Court's orders, therefore, statutory damages in the amount of $ 30,000 for each of the six copyrighted works infringed by Defendants is warranted. Hence, the Court finds Defendants liable to Microsoft in the amount of $ 180,000."
6812d4f4af06ea2cad501893,N/A,N/A
6812d4f5af06ea2cad501894,N/A,"Thus, statutory damages and attorney's fees may not be awarded, and plaintiff's relief is limited to actual damages."
6812d4f7af06ea2cad501896,9500,"Having determined that no hearing on damages was necessary, the court awarded the plaintiff $ 9,500.00 in statutory damages against Distribuidora and $ 6,756.79 in actual damages against Aponte."
6812d4f8af06ea2cad501897,26640,"The plaintiffs' request for $ 2,220.00 for each of the twelve copyright infringements is granted, entitling the plaintiffs to $ 26,640.00 in statutory damages."
6812d509af06ea2cad50189a,30000,"ORDERED, ADJUDGED AND DECREED: That for the reasons stated in the Court's Opinion (86644) DTD: 2/28/02 plaintiff is granted statutory damages in the amount of $ 30,000.00 with attorneys' fees and costs in their amount of $ 16,015.00 for a total judgment amounting to $ 46,015.00."
6812d50daf06ea2cad50189b,390000,"They further contend that the evidence establishes that Hwangpo's conduct was willful, and they seek statutory damages under 17 U.S.C. § 504(c)(1) in the amount of $ 10,000 per instance of infringement, or $ 390,000."
6812d512af06ea2cad50189c,N/A,N/A
6812d521af06ea2cad50189f,43000,"Plaintiffs shall recover from Defendant Dewey D. Lankford, statutory damages in the amount of $ 3,909.09 for each of the 11 musical compositions, for a total of $ 43,000.00, pursuant to 17 U.S.C. § 504(c)."
6812d528af06ea2cad5018a0,N/A,N/A
6812d529af06ea2cad5018a1,N/A,"Under 17 U.S.C. § 504(b), a copyright holder is entitled to an award of the infringer's profits attributable to the infringement."
6812d53daf06ea2cad5018a3,N/A,N/A
6812d54eaf06ea2cad5018a4,N/A,N/A
6812d573af06ea2cad5018a7,50000,"In light of the evidence of willfulness, however, which has been held to be a significant factor in determining the amount of statutory damages to award, see, e.g., National Football League, 131 F. Supp. 2d at 474, and taking into account the need to deter future similar violations and the difficulty in quantifying plaintiff's lost profits, including good will, the Court concludes that even with these limitations of proof, plaintiff has presently shown probable cause that statutory damages award in the amount of at least $ 50,000 would be issued."
6812d576af06ea2cad5018a8,N/A,"Unfortunately, Mackie did not have a registered copyright on the work at the time of infringement and consequently could not take advantage of statutory damages for infringement, nor did he have evidence to sustain a claim for the Symphony's direct profits."
6812d579af06ea2cad5018a9,N/A,"Statutory damages are fixed   at up to $ 30,000 per copyright infringed. 17 U.S.C. § 504(c). Further, in cases involving violations of trademarks such as counterfeiting of a trademark, the trademark owner may elect at any time before final judgment to recover statutory damages up $ 100,000 per trademark infringement. 15 U.S.C. § 1117(c)."
6812d57eaf06ea2cad5018aa,N/A,
6812d585af06ea2cad5018ab,480000,"For the reasons stated above, the Court now awards to Plaintiffs statutory damages pursuant to 17 U.S.C. § 504(c), in the amount of $ 480,000 against Defendants John Clauss and Amereon Ltd., jointly and severally."
6812d589af06ea2cad5018ac,N/A,N/A
6812d58eaf06ea2cad5018ad,1600000,"Noting the willful nature of Defendant's conduct as well as the potential to discourage future infringement, the Court finds that an award of $ 100,000 for each   of the 16 works, or a total of $ 1,600,000, represents a fair measure of damages in this case."
6812d592af06ea2cad5018ae,N/A,N/A
6812d596af06ea2cad5018af,60000,"Accordingly, plaintiffs shall recover statutory damages in the total amount of $ 60,000 from defendants."
6812d5a6af06ea2cad5018b0,N/A,N/A
6812d5abaf06ea2cad5018b1,N/A,"The corresponding damage provision under the Copyright Act in 17 U.S.C. § 504(c) provides for statutory damages ""for all infringements involved in the action,    with respect to any one work, for which any one infringer is liable individually, or for which any two or more infringers are liable jointly and severally, in the sum of not less than $ 750.00 or more than $ 30,000.00 as the court considers just."
6812d5aeaf06ea2cad5018b2,N/A,N/A
6812d5b0af06ea2cad5018b3,N/A,"Therefore, Imageline may only receive a maximum of two awards of statutory damages for copyright infringement."
6812d5b6af06ea2cad5018b4,3500,"For the reasons set forth below, I recommend that Top Rank be awarded judgment in the amount of $ 5,591.35, consisting of statutory damages in the amount of $ 3,500.00, attorney's fees in the amount of $ 1,881.35, and costs in the amount of $ 210.00."
6812d5c2af06ea2cad5018b5,33474,"The court orders defendant to pay plaintiff statutory damages in the amount of $ 33,474."
6812d5ceaf06ea2cad5018b6,N/A,"Under § 504 of the Copyright Act, a plaintiff may recover actual damages or statutory damages. Baker has stipulated to the withdrawal of his claim for statutory damages."
6812d5cfaf06ea2cad5018b7,N/A,"Sefton seeks to recover his actual damages arising from the infringement of his copyrighted images, as well as Webbworld's profits attributable thereto, pursuant to 17 U.S.C. § 504(b)   , rather than statutory damages pursuant to section 504(c)."
6812d5d0af06ea2cad5018b8,N/A,
6812d5f2af06ea2cad5018ba,N/A,"Although damages caused by copyright infringements during the three years immediately preceding the filing of the action would be recoverable, Roley v. New World Pictures, Ltd., 19 F.3d 479, 481 (9th Cir. 1994), Kling presented no evidence to support an award of such damages."
6812d5f9af06ea2cad5018bb,N/A,N/A
6812d600af06ea2cad5018bc,N/A,N/A
6812d608af06ea2cad5018bd,N/A,"Therefore, this Order does not include an award of damages or attorneys' fees."
6812d60aaf06ea2cad5018be,10000,"Considering the amount of the license fees for the Filmore Street location defendant avoided paying, the willfulness of his infringement of plaintiffs' copyrights, and the need to deter similar conduct, the Court ORDERS that defendant pay the amount of $ 2,500.00 in statutory damages per song, for a total of $ 10,000.00."
6812d620af06ea2cad5018c0,N/A,"Microsoft's motion for summary judgment will be granted as to liability, but issues remain to be litigated regarding damage awards."
6812d629af06ea2cad5018c1,N/A,
6812d634af06ea2cad5018c2,20000,"Upon review of the evidence submitted, including information regarding Defendants' financial status, the Court concludes, in the exercise of its discretion, that an award of $ 4,000 per infringement (for a total of $ 20,000 for the five infringements ruled upon herein) satisfies the Act's compensatory and deterrent goals."
6812d63aaf06ea2cad5018c3,60000,"In its order, the district court stated that LANS could elect to take the $ 60,000 in statutory damages awarded in Reuters II and affirmed in Reuters III."
6812d642af06ea2cad5018c4,0,"As discussed above, the Court concludes that Bouchat is entitled to no statutory damage award in Bouchat II and IV."
6812d649af06ea2cad5018c5,N/A,"Accordingly, as this Court has previously held, any statutory damages will be calculated on a per-CD basis."
6812d655af06ea2cad5018c6,70000,"Accordingly, we will award Microsoft statutory damages of $ 5,000 per copyright (for seven copyrights) and $ 5,000 per trademark (for seven trademarks), for a total statutory damages award of $ 70,000."
6812d65aaf06ea2cad5018c7,N/A,"A judgment dismissing the complaint was entered on April 30, 2003."
6812d65eaf06ea2cad5018c8,4806,"In light of the foregoing, the court awards to Plaintiff a total of $ 4,806 in statutory damages."
6812d679af06ea2cad5018c9,N/A,"Notably, however, the Plaintiff's Motion seeks Summary Judgment only as to the issue of liability for copyright infringement, and not as to the issue of damages or willfulness, as the Plaintiff wishes to reserve those issues for a Jury Trial."
6812e285af06ea2cad5018ca,10000,"...making the total statutory damages award $ 10,000."
6812e286af06ea2cad5018cb,750,"I therefore award plaintiffs statutory damages in the amount of $ 750 for Video Palace's infringement of a single work, Asoka."
6812e287af06ea2cad5018cd,N/A,N/A
6812e28eaf06ea2cad5018cf,N/A,"The court concludes that, in this case, if the plaintiff is able to prove infringement, it is entitled to one award of statutory damages."
6812e29baf06ea2cad5018d1,19000000,"Legg Mason argues that the actual harm in this case is limited to $ 59,000 and that the $ 19 million dollar verdict is so disproportionate that it violates due process."
6812e2a4af06ea2cad5018d2,6750,"Accordingly, the Court GRANTS Plaintiffs an award of $ 6,750."
6812e2abaf06ea2cad5018d3,N/A,N/A
6812e2b1af06ea2cad5018d4,N/A,
6812e2b8af06ea2cad5018d5,N/A,N/A
6812e2c0af06ea2cad5018d6,N/A,N/A
6812e2d8af06ea2cad5018d7,N/A,N/A
6812e2e0af06ea2cad5018d8,N/A,"Instead, Plaintiff seeks statutory damages in lieu of actual damages."
6812e2e8af06ea2cad5018d9,N/A,
6812e2efaf06ea2cad5018da,N/A,I recommend that judgment be entered against each in the same amount as against the business.
6812e2f3af06ea2cad5018db,1680000,"In the instant case, the Plaintiffs seek the following: (1) a finding of willful infringement against the Defendants and statutory damages under Section 504(a) of the Copyright Act of $ 35,000 for each of 48 infringements alleged in their Complaint;"
6812e2f6af06ea2cad5018dc,N/A,"On March 9, 2004, we vacated the injunction, but warned that vacatur did not signify that judgment would be entered in Penguin's favor, or that Silverstein may not be entitled to recover damages (pursuant to 17 U.S.C. § 504(c)) or costs and attorneys' fees (pursuant to 17 U.S.C. § 505), the amount of which could be affected by Penguin's resumed distribution of Complete Poems."
6812e2fbaf06ea2cad5018dd,5000,"In light of the statutory boundaries and relevant caselaw, we believe Plaintiffs should receive five thousand dollars in statutory damages. Because this amount is greater than actual damages, we grant Plaintiffs $ 5,000.00 as their damage award."
6812e300af06ea2cad5018de,200000,"However, that judge granted Sonolux's Rule 59(e) motion to amend the amount of the judgment, and the statutory damages award for the copyright infringement was reduced from $ 1,600,000 to $ 200,000 on the ground that the larger amount was based on an incorrect reading of the statutory damages provision of the Copyright Act, 17 U.S.C. § 504(c)."
6812e307af06ea2cad5018e0,900000,"...for a total statutory damages award of $ 900,000."
6812e311af06ea2cad5018e2,6000,RECOMMENDS that Plaintiffs be awarded statutory damages of $ 750.00 per infringement for a total of $ 6000.00.
6812e316af06ea2cad5018e3,490000,"I therefore recommend that plaintiffs be awarded $ 35,000 for each of the fourteen copyrighted recordings listed in Exhibit A to the complaint, and that defendants thus should be held jointly and severally liable for an award of $ 490,000 in statutory damages."
6812e32aaf06ea2cad5018e4,N/A,N/A
6812e32daf06ea2cad5018e5,N/A,N/A
6812e362af06ea2cad5018e6,N/A,
6812e368af06ea2cad5018e8,200000,"In order to adequately compensate the plaintiffs for the violation of their copyrights and to sufficiently punish the defendants for their misconduct, the court will afford the plaintiffs the injunctive relief which they request, in addition to awarding them statutory damages under the Copyright Act in the amount of $ 200,000."
6812e36aaf06ea2cad5018ea,140000,"In light of these factors, an appropriate amount of statutory damages is $ 20,000 for each of the seven infringed photos."
6812e36aaf06ea2cad5018eb,22500,"This Court thus holds that she is not entitled to the innocent infringer defense and awards the Record Companies $ 22,500 (30 songs times the minimum statutory penalty ($ 750))."
6812e36daf06ea2cad5018ec,150000,"Accordingly, the Court concludes that ten of Plaintiffs' works merit a statutory damages award of $ 15,000.00 each, totaling $ 150,000.00."
6812e370af06ea2cad5018ee,140000,"The Clerk of the Court is respectfully directed to enter judgment in favor of Plaintiff and against the Defendants, jointly and severally, in the amount of $ 140,000 in copyright damages and $ 40,888.42 in attorneys' fees and costs, for a total of $ 180,888.42."
6812e373af06ea2cad5018f0,N/A,N/A
6812e373af06ea2cad5018f1,N/A,"Because Iconbazaar failed to timely file its application for registration, it is undisputed that the company is not entitled to statutory damages."
6812e374af06ea2cad5018f2,19500,"Accordingly, statutory damages are assessed at $19,500."
6812e37caf06ea2cad5018f4,3750,"Here, plaintiffs seek $ 3,750 in damages, representing the minimum statutory damages provided by the Copyright Act for each of the five infringements alleged in the Complaint."
6812e37daf06ea2cad5018f5,101000,"Accordingly, the Court recommends that IO Group's motion for default judgment be granted and that IO Group be awarded $101,000 for the copyright infringement claim and $75,750 for the claim of unauthorized commercial use of a photograph, for a total damages award of $176,750."
6812e382af06ea2cad5018f6,150000,"On January 11, 2005, this Court awarded Plaintiffs$ 150,000.00 in statutory damages and permanently enjoined Defendants from selling their book, 1000 Patterns, within the United States."
6812e385af06ea2cad5018f7,N/A,"Therefore, we reverse the judgment of liability and set aside the damages award and the attorneys' fees on TVT's copyright infringement claim."
6812e386af06ea2cad5018f8,240000,"The district court awarded Microsoft $ 240,000 in statutory damages ($ 30,000 for each of the eight copyrighted works at issue)."
6812e387af06ea2cad5018f9,2000,"At a December 10 damages hearing, the district court found that Olivia Miller's infringement was not willful, and set statutory damages at $ 2,000."
6812e389af06ea2cad5018fa,N/A,N/A
6812e38baf06ea2cad5018fc,N/A,"There is no genuine issue that the alleged infringement here commenced prior to March 28, 2002; therefore, statutory damages and attorney's fees are not available as a matter of law."
6812e38faf06ea2cad5018fe,30000,"That court awarded Plaintiffs $ 36,000 in damages based on the copyright infringement claim,    including $ 30,000 of statutory damages and an additional $ 6,000 for unjust enrichment reflecting Debtor's profits from The Source Course."
6812e391af06ea2cad501900,150000,"Having considered the parties' submissions, the Court now awards plaintiff $ 150,000 in statutory damages, attorney's fees of $ 266,868.25, and costs of $ 18,861.82."
6812e396af06ea2cad501902,N/A,"For this strategic reason, Plaintiff did not elect to seek statutory damages, as is required by statute."
6812e397af06ea2cad501903,189000,"In sum, plaintiff has demonstrated $ 189,000 in total statutory damages, and I recommend that U2 Entertainment, Inc. be awarded this amount."
6812e398af06ea2cad501904,4500,"Plaintiffs are awarded $ 750.00 per infringement, for a total statutory damages award of $ 4,500.00."
6812e39caf06ea2cad501906,500000,"On these facts, the Court cannot say that an award of 500,000 francs in damages for an intellectual property violation, even if those damages are regarded as a fixed, statutory award rather than as proven damages,   is repugnant to domestic law."
6812e3a3af06ea2cad501907,80000,"Under 17 U.S.C. § 504, this court orders that defendant Joanne Symons d/b/a Hy O Silver pay plaintiff Robert P. Berg d/b/a Bob Berg Buckles d/b/a Silverdales statutory damages in the amount of $ 2,000 for each of the forty works that Symons stipulated to infringing, for a total of $ 80,000."
6812e3a4af06ea2cad501908,400000,"In the case at bar the jury awarded Plaintiff $400,000.00, which is the maximum amount in statutory damages permitted where there is a finding of willfulness."
6812e3a8af06ea2cad501909,225000,"Given their knowing and willful violation of Eros' copyrights and their willful failure to comply with the Consent Judgment, this Court respectfully recommends that an Order enter, awarding plaintiffs $ 75,000 per title for a total of $ 225,000 in statutory damages as a sanction for the contempt and to compensate plaintiffs for their losses."
6812e3aaaf06ea2cad50190a,10000,"IT IS FURTHER ORDERED that Plaintiffs shall have and recover from Defendants, jointly and severally, the sum of $ 10,000 in statutory damages, pursuant to 17 U.S.C. § 504(c)."
6812e3adaf06ea2cad50190c,N/A,"As a remedy, Cipes requests that the Court award to him 1) actual damages and Mikasa's profits earned between the date of the jury verdict and the date that the photographs are removed from all web sites, 2) statutory damages pursuant to 17 U.S.C. §§ 504(c) (1) or (c) (2), or 3) such other amount as the court deems just."
6812e3afaf06ea2cad50190d,N/A,N/A
6812e3b3af06ea2cad501910,N/A,"The amount recoverable is defined   by statute as $ 750 to $ 30,000."
6812e3b4af06ea2cad501911,6018700,"Accordingly, the Court finds that SCEA is entitled to statutory damages in the amount of $ 5,631,200.00 (that is, 7,039 x 800) for the pre-June 12, 2004 sales and $ 387,500.00 (that is, 155 x 2,500) for the sales after June 12, 2004, giving rise to a total of $ 6,018,700.00 in damages."
6812e3b6af06ea2cad501912,10000,"In response, Wiley submitted a declaration and Proposed Findings of Fact and Conclusions of Law seeking to recover statutory damages in the amount of $ 10,000 and attorney's fees and costs in the amount of $ 3,682.50."
6812e3beaf06ea2cad501913,11000,"The Court therefore awards $ 5,000 under § 504(c)(2) for a total of $ 11,000 in statutory damages."
6812e3cbaf06ea2cad501914,N/A,Wiesner's motion for summary judgment as to Plaintiff's maximum entitlement to statutory damages is denied.
6812e3ceaf06ea2cad501915,500000,"Plaintiff has now moved for entry of a default judgment against Defendant and an award of $ 500,000 in statutory damages under the Copyright Act."
6812e3d5af06ea2cad501918,N/A,"It requests statutory damages, attorneys' fees, and actual damages for any profits or advantages attributable to the infringement of its copyright."
6812e3e0af06ea2cad50191a,N/A,"Section 504(c) provides that if an infringer ""was not aware and had no reason to believe that his or her acts constituted an infringement of copyright, the court in its discretion may reduce the award of statutory damages . . . "" 17 USC §504(c)(2)."
6812e3e8af06ea2cad50191b,6000,"Statutory damages in the amount of $ 6,000 is reasonable and just."
6812e3ebaf06ea2cad50191c,33000,"Considering the amount of the license fee that Defendants avoided paying, and the fact that Defendants continued to infringe even after receiving Plaintiff's numerous communications, the Court recommends awarding statutory damages of $3,000 per song, for a total of $33,000."
6812e3edaf06ea2cad50191d,32500,"Upon careful consideration of all the evidence, the Court determines that Plaintiffs are entitled to the injunctive relief they request, statutory damages in the amount of $ 2,500 per act of infringement ($ 32,500 in total), and, as the prevailing parties, costs and attorney's fees."
6812e3fbaf06ea2cad50191f,5250,"Plaintiffs are awarded $ 750.00 per infringement, for a total statutory damages award of $ 5250.00."
6812e40caf06ea2cad501920,N/A,"IT IS FURTHER ORDERED that Defendants’ motion for partial summary judgment shall be, and hereby is GRANTED with respect to limiting Plaintiffs' maximum potential statutory damages award to the 832 copyright registrations for compilations produced by Plaintiffs and referenced in Plaintiffs’ Second Amended Complaint;"
6812e415af06ea2cad501921,N/A,N/A
6812e416af06ea2cad501922,240000,"In January 2003, the undersigned granted Microsoft Corporation summary judgment, and awarded it $ 240,000 in statutory damages -- $ 30,000 for each of the eight copyrighted works at issue -- along with costs and attorney's fees in the amount of $ 67,955.06."
6812e419af06ea2cad501923,N/A,Plaintiff sought and received the maximum statutory damages (he did not even seek actual damages).
6812e426af06ea2cad501925,N/A,We vacate the judgments of the district court and remand these cases for the district court to recalculate the amount of statutory damages.
6812e427af06ea2cad501926,8250,"As a result, plaintiffs seek statutory damages in the amount of $ 750 per recording, an award of costs in the amount of $ 275, and entry of a permanent injunction."" ""According to the complaint, each of the eleven sound recordings at issue in this case is subject to a valid Certificate of Copyright Registration issued by the Register of Copyrights and are owned by or licensed to one or more of the plaintiffs."
6812e428af06ea2cad501927,35000,"Chris May SHALL pay statutory damages to the Plaintiffs in the amount of $ 35,000.00."
6812e42aaf06ea2cad501928,6750,"Accordingly, the Court finds that Plaintiffs are entitled to minimum statutory damages of $750 for each of the nine claimed acts of infringement by Defendant, for a total amount of $6,750."
6812e42daf06ea2cad501929,25000,"In light of this history additional damages are necessary for deterrence purposes and I recommend awarding plaintiffs a total of $25,000 in statutory damages."
6812e42faf06ea2cad50192a,N/A,These admissions bar Plaintiff from recovering statutory damages.
6812e435af06ea2cad50192b,5000,"...statutory damages are awarded in the total amount of $ 5,000;..."
6812e443af06ea2cad50192c,N/A,N/A
6812e453af06ea2cad50192d,N/A,N/A
6812e6cfaf06ea2cad50192e,N/A,N/A
6812e6d0af06ea2cad50192f,3000,"Because Defendants willfully and continually violated the copyright laws on the dates alleged and in the manner alleged, Plaintiffs are hereby awarded $ 1,500 per infringement, for a total of $ 3,000 in statutory damages."
6812e6d1af06ea2cad501930,6000,"Plaintiff is awarded $ 6,000 in statutory damages."
6812e6d1af06ea2cad501931,15000,"Here, Plaintiffs respectfully urge the court to award statutory damages of $3,000 per infringement for an aggregate total of $15,000."
6812e6d3af06ea2cad501932,N/A,"At trial plaintiff may seek two awards of statutory damages -- one for the ""work"" consisting of the compilation consisting of the three Manuals, the Schedule, and the Addendum and one for the ""work"" consisting of the compilation consisting of the three Workbooks."
6812e6d4af06ea2cad501933,600000,"IT IS FURTHER ORDERED that plaintiff David H. Busch, Jr.'s Motion for Default Judgment (doc. # 21) is granted to the extent that a default judgment shall be entered against defendants Seahawk Software Development, L.L.C. and Russell T. Bullock in the total amount of $ 604,873.57, consisting of $ 600,000.00 in statutory damages pursuant to 17 U.S.C. § 504(c)(2), and $ 4,213.57 in attorneys' fees and $ 660.00 in costs pursuant to 17 U.S.C. § 505."
6812e6daaf06ea2cad501934,170000,"JUDGMENT IS ENTERED in FAVOR OF PLAINTIFF and the Court AWARDS Plaintiff $ 10,000 for each copyrighted work infringed for a total of $ 170,000."
6812e6dcaf06ea2cad501935,N/A,
6812e6e0af06ea2cad501936,330000,"Thus, the Court respectfully recommends that plaintiff be awarded statutory damages in the total amount of $ 330,000."
6812e6e1af06ea2cad501937,18750,"IT IS FURTHER ORDERED, ADJUDGED, AND DECREED that Defendant Matthew Ates pay Plaintiffs statutory damages in the amount of $ 750.00 per recording for a total award in the amount of $ 18,750.00."
6812e6e2af06ea2cad501938,9500,"It is recommended that defendants Doris Garcia d/b/a Garage Garcia d/b/a Garage Lopez be found to have willfully violated by the Copyright Act and, accordingly, be ordered to pay Mitchell statutory damages in the amount of $ 3,500.00. It is recommended that Pablo Lugo d/b/a Parcelas Auto Body be found to have willfully violated the Copyright Act and accordingly be ordered to pay Mitchell statutory damages in the amount of $ 4,000.00. It is recommended that Jose Valentin Quinones d/b/a Taller Quinones be found to have willfully violated the Copyright Act and, accordingly, be ordered to pay Mitchell statutory damages in the amount of $ 2,000.00."
6812e6e4af06ea2cad501939,12000,"Plaintiffs shall recover from Defendants Katharsis LLC, and William Joseph Scheck, jointly and severally, statutory damages in the amount of twelve thousand dollars ($ 12,000.00), which is an award of three thousand dollars ($ 3,000.00) for each of the four copyrighted musical works infringed at the Owl Club on the night of September 2, 2004."
6812e6e6af06ea2cad50193a,N/A,"Once the defendants have been found to have infringed upon the plaintiff's copyright in violation of Section 106 of the Copyright Act, 17 U.S.C. § 106, damages are to be assessed under Section 504(b) of the Act, 17 U.S.C. § 504(b), or statutory damages may be imposed under Section 504(c), 17 U.S.C. § 504(c). In this case, the plaintiff has elected to make its claim under Section 504(b)."
6812e6eaaf06ea2cad50193b,750000,"The jury returned special verdicts finding that Albarran and Barboza had willfully infringed New Form's copyright in each of the India Maria Pictures, and awarded statutory damages. Judgment was entered on May 10, 2004, for $ 750,000 ($ 75,000 for each of the ten films), plus costs and   attorney's fees; the final judgment amount was fixed at $ 893,077.11."
6812e6eaaf06ea2cad50193c,50000,"I will therefore grant plaintiff's requested permanent injunction and award it $ 50,000 in statutory damages."
6812e6ebaf06ea2cad50193d,7500,"Accordingly, defendants are entitled to statutory damages of $ 7,500."
6812e6ecaf06ea2cad50193e,N/A,"Accordingly, defendants' petition to limit any award of statutory damages is GRANTED."
6812e6f2af06ea2cad501940,30000,"The jury also found willful copyright infringement and awarded Plaintiffs $ 30,000 in statutory damages and $ 120,000 in exemplary damages."
6812e6f4af06ea2cad501941,N/A,Defendants then argue that Bosch is precluded from obtaining any statutory damages.
6812e6f6af06ea2cad501942,N/A,N/A
6812e6fcaf06ea2cad501945,N/A,"As a result, plaintiffs seek statutory damages in the amount of $ 750 per recording, an award of costs in the amount of $ 275, and entry of a permanent injunction."
6812e704af06ea2cad501946,150000,"Finally, this Court respectfully recommends that plaintiff be awarded $150,000.00 in damages, plus attorneys' fees in the amount of $2,886.31, plus costs in the amount of $595.00."
6812e708af06ea2cad501949,3000,"An award of $ 3,000 is appropriate here as well."
6812e709af06ea2cad50194a,45000,"Plaintiffs ask for an award of statutory damages in an amount not less than $ 3,000 per each of the fifteen acts of copyright infringement, for a total of $ 45,000. We conclude that damages in this amount are fairly awarded, and are sufficiently punitive to encourage Defendants as well as other similar establishments to enter into licensing agreements and cease infringing performances."
6812e70baf06ea2cad50194b,3750,"It is ORDERED that Plaintiffs are awarded statutory damages under 17 U.S.C. § 504(c)(1) in the total amount of $ 3,750, with interest to accrue on that amount as prescribed under 28 U.S.C. § 1961; additionally, Plaintiffs are awarded $ 320 in costs under 17 U.S.C. § 505."
6812e70daf06ea2cad50194c,3750,"It is ORDERED that Plaintiffs are awarded statutory damages under 17 U.S.C. § 504(c)(1) in the total amount of $ 3,750, with interest to accrue on that amount as prescribed under 28 U.S.C. § 1961; additionally, Plaintiffs are awarded $ 420 in costs under 17 U.S.C. § 505."
6812e70daf06ea2cad50194d,4500,"...the court will award statutory damages in the amount of $ 4,500.00."
6812e711af06ea2cad50194e,150000,"Since each of plaintiffs' three copyrighted works was infringed, we recommend that plaintiffs be awarded statutory damages totaling $150,000.00."
6812e712af06ea2cad50194f,10500,"The Court therefore GRANTS Plaintiffs' request for statutory damages in the amount of $ 10,500."
6812e713af06ea2cad501950,7500,"Therefore, the Court finds that the statutory minimum of $ 750 per recording, for a total damages award of $ 7,500, is supported by the evidence."
6812e713af06ea2cad501951,10500,"Accordingly, Plaintiffs are awarded $ 10,500 in statutory damages ($ 1,500 for each of the seven compositions infringed)."
6812e715af06ea2cad501952,N/A,N/A
6812e717af06ea2cad501954,N/A,
6812e718af06ea2cad501955,15000,"Plaintiff is entitled to statutory damages of $ 15,000 for this conduct."
6812e718af06ea2cad501956,6000,"In this case, Plaintiffs seek an award of statutory damages in the amount of $ 6,000.00."
6812e718af06ea2cad501957,300000,"Precision Craft is entitled to willful statutory damages in the amount of $ 150,000.00 pursuant to 17 U.S.C. § 504(c)(2), for each of the two (2) infringements, for a total amount of $ 300,000.00."
6812e71caf06ea2cad501958,6000,"Thus, the court finds the $ 6,000.00 in statutory damages is properly awarded under § 504(c)(1)."
6812e731af06ea2cad50195b,N/A,N/A
6812e736af06ea2cad50195c,48654,"In his decision, the arbitrator determined that Apptomix and Mr. Lee were jointly and severally liable to Brayton Purcell for $ 48,654 in statutory damages and $ 73,655 in fees and costs."
6812e738af06ea2cad50195d,3000,"Therefore, the Court finds that the statutory minimum of $ 750 per recording, for a total damages award of $ 3,000, is supported by the evidence."
6812e740af06ea2cad50195e,N/A,N/A
6812e741af06ea2cad50195f,6000,"As a result, plaintiffs seek statutory damages in the amount of $ 3,000 per motion picture, an award of attorney fees and costs in the amount of $ 1,908.83, and permanent injunctive relief. According to the complaint, each of the two Copyrighted Motion Pictures at issue in this case are subject to a valid Certificate of Copyright Registration issued by the Register of Copyrights and are owned by or licensed to one or more of the plaintiffs."
6812e747af06ea2cad501960,N/A,
6812e748af06ea2cad501961,6000,"As a result, plaintiff seeks statutory damages in the amount of $ 6,000, an award of attorney fees and costs in the amount of $ 2,428.01, and permanent injunction relief."
6812e74caf06ea2cad501962,N/A,
6812e74faf06ea2cad501963,9000,"Plaintiffs will be awarded $ 9,000.00 in statutory damages and a permanent injunction will be entered which prohibits Defendant from directly or indirectly infringing Plaintiffs' rights under the law in their copyrighted sound recordings."
6812e750af06ea2cad501964,450000,"The jury found that Defendant   Frye willfully infringed the copyrights in Counts I, II, and III and awarded damages in the total amount of $ 450,000.00."" ""The Court finds that an award prejudgment interest is not available on statutory damages under Counts I, II, and III..."
6812e753af06ea2cad501965,3000,"The court will award $1,500 per infringement, for a total award of $3,000 in Disney's favor."
6812e755af06ea2cad501966,N/A,"In the alternative, Plaintiff seeks statutory damages."
6812e756af06ea2cad501968,265000,"The Court awards $ 15,000 per infringed copyright, and $ 40,000 per counterfeited trademark, for a total statutory damage award of $ 265,000."
6812e757af06ea2cad501969,383250,"Despite making a strong showing of willfulness, due to the large number of works infringed plaintiff elects to recover only the minimum statutory damages award of $ 750 for each of the 511 television episodes that were infringed, for a total of $ 383,250."
6812e757af06ea2cad50196a,7500,"In their application for default judgment, the plaintiffs request the Court award damages $ 750 per each of ten infringed works, for a total of $ 7,500."
6812e75aaf06ea2cad50196b,408000,"That plaintiff be awarded statutory damages in the amount of $ 300,000 as against the Music Mahal defendants, in the amount of $ 57,000 as against the Soca House defendants, and in the amount of $ 51,000 as against the Taj Audio Video defendants;"
6812e75baf06ea2cad50196c,6000,"Howell is ordered to pay Universal statutory damages of $ 6,000, and costs of $ 555.02."
6812e75caf06ea2cad50196d,6000,"In light of the allegations set forth in plaintiffs' complaint and defendant's default, I recommend that plaintiffs be awarded statutory damages in the amount of $6,000, and find that no evidentiary hearing is required in order to make such an award."
6812e761af06ea2cad50196e,N/A,"He also seeks to recover the profits GSK and DVC derived from the alleged infringing acts under 17 U.S.C. § 504(b), or in the alternative, statutory damages under 17 U.S.C. § 504(c)."
6812e762af06ea2cad50196f,N/A,N/A
6812e763af06ea2cad501970,9000,"For the foregoing reasons, the Court recommends that Plaintiffs' motion for default judgment be granted and that Plaintiffs be awarded $9,000 in statutory damages and $420 in costs."
6812e765af06ea2cad501971,N/A,N/A
6812e765af06ea2cad501972,7050000,"Defendants-appellants Lai Ying Music and Video Trading, Inc. and Wei Ping Yuan appeal the May 25, 2005, judgment of the United States District Court for the Southern District of New York (Cote, J.), granting summary judgment for plaintiff U2 Home Entertainment, Inc. (""U2"") on its claims of copyright infringement, awarding   U2 $ 7,050,000 in damages, and ordering defendants to pay U2 $ 300,000 as a civil contempt fine. Defendants argue that the district court erred in granting summary judgment and then awarding maximum statutory damages based on a finding of willful infringement."
6812e766af06ea2cad501973,10000,"To reflect the important statutory purpose of the Copyright Act to discourage infringement,    and as defendants demonstrated wilfulness in ignoring ASCAP's licensing letters  and performing works requiring a license, but absent evidence of frequency of such infringement, and where the four protected works were among approximately 54 pieces documented as performed on May 9, 2006, the Court finds reasonable statutory damages   of $ 2,500 per violation, for a total of $ 10,000."
6812e766af06ea2cad501974,7050000,"Defendants-appellants Lai Ying Music and Video Trading, Inc. and Wei Ping Yuan appeal the May 25, 2005, judgment of the United States District Court for the Southern District of New York (Cote, J.), granting summary judgment for plaintiff U2 Home Entertainment, Inc. (""U2"") on its claims of copyright infringement, awarding   U2 $7,050,000 in damages, and ordering defendants to pay U2 $300,000 as a civil contempt fine."" ""Defendants argue that the district court erred in granting summary judgment and then awarding maximum statutory damages based on a finding of willful infringement."
6812e767af06ea2cad501975,3750,"Therefore, the Court finds that the statutory minimum of $ 750 per recording, for a total damages award of $ 3,750, is supported by the evidence."
6812e768af06ea2cad501976,200,"[i]n a case where the infringer sustains the burden of proving, and the court finds, that such infringer was not aware and had no reason to believe that his or her acts constituted an infringement of copyright, the court in its discretion may reduce the award of statutory damages to a sum of not less than $ 200."
6812e769af06ea2cad501977,3750,"Here, Plaintiffs request the minimum statutory damages ($ 750.00) for each of the five infringements alleged in the complaint, for a total of $ 3,750.00."
6812e76aaf06ea2cad501978,N/A,"Accordingly, we reverse the district court's ruling as to § 201(c) and remand for determinations of willfulness, actual and statutory damages and attorney's fees with respect to the collage ads."
6812e76aaf06ea2cad501979,4500,"Plaintiffs here have elected to recover the minimum statutory damages of $ 750 for each infringement -- for a total of $ 4,500.00 -- and, therefore, no evidentiary hearing is necessary to determine damages."
6812e76eaf06ea2cad50197b,6000,"For the foregoing reasons, this Court recommends that judgment be entered against defendant awarding plaintiff statutory damages in the amount of $6,000.00, attorney's fees in the amount of $735.00, and costs in the amount of $575.81."
6812e770af06ea2cad50197c,25000,"Accordingly, the Court finds that the Plaintiffs are entitled to summary judgment in the sum of $ 25,000 statutory damages."
6812e772af06ea2cad50197d,330000,"Judge Pollak recommended that the Yash Raj be awarded an amount equal to the maximum available statutory damages in the amount of $ 330,000, comprised of $ 30,000 for each of the eleven counterfeit Yash Raj titles seized at the November 2002 Raid."
6812e773af06ea2cad50197e,1110000,"Statutory damages in the amount of $ 1,110,000 are awarded to plaintiff and against defendants, jointly and severally."
6812e774af06ea2cad50197f,14000,"Accordingly, the Court thinks it just to award statutory damages in the amount of $ 1500 per copyright infringed and $ 1000 per trademark infringed, for a total of $ 14,000."
6812e774af06ea2cad501980,165000,"The Court awards $ 5,000 per infringed copyright, and $ 20,000 per counterfeited trademark, for a total statutory damage award of $ 165,000."
6812e775af06ea2cad501981,12500,"Accordingly, the Court thinks it just to award statutory damages in the amount of $ 1500 per copyright infringed and $ 1000 per trademark infringed, for a total of $ 12,500."
6812e776af06ea2cad501983,6000,"Thus, I respectfully recommend that plaintiffs be awarded $ 750 for each of the eight songs defendant illegally copied and distributed, for a total of $ 6,000."
6812e777af06ea2cad501984,120000,"For the reasons stated above, I respectfully recommend that plaintiff be awarded $120,000 in statutory damages together with attorney's fees and costs in the amount of $16,035, for a total judgment of $136,035 against Legend, Wa   Men Zhang, and Wei Hao Li, jointly and severally."
6812e77aaf06ea2cad501986,60000,"For the reasons stated, we recommend entry of a default judgment against defendant He in the amount of $ 60,000.00 in statutory damages and $ 1,800.00 in attorney's fees under sections 504 and 505 of the Copyright Act."
6812e77aaf06ea2cad501987,6000,"The Record Companies seek $ 6,000.00 in statutory damages. Accordingly, the Defendant is liable for $ 750.00 in damages for each of the eight infringed Copyrighted Recordings, for a total of $ 6,000.00."
6812e77caf06ea2cad501988,12000,"Accordingly, Plaintiffs are entitled to $12,000 in statutory damages."
6812e77eaf06ea2cad50198a,N/A,N/A
6812e77eaf06ea2cad50198b,8250,"Therefore, Plaintiffs are entitled to a total of $ 8,250 in statutory damages obtained by multiplying eleven (the separate infringed works) times $ 750 (the minimum award per work)."
6812e780af06ea2cad50198c,N/A,N/A
6812e780af06ea2cad50198d,60000,"Having considered the amounts courts have awarded in other cases involving photographs, the Court concludes that an award of $ 15,000 per photograph, or $ 60,000 for the four photographs, would be appropriate."
6812e783af06ea2cad50198e,N/A,Both willfulness and the final determination of damages are left to the jury.
6812e784af06ea2cad50198f,687000,"Accordingly, $687,000 is an appropriate award."
6812e785af06ea2cad501990,20000,"In conclusion, the Undersigned recommends that judgment enter in favor of the plaintiffs and against the defendants jointly and severally for a permanent injunction as provided above, and for statutory damages in the amount of $ 20,000.00 and costs of $ 2,958.06, with interest thereon at the legal rate from the date of judgment until paid."
6812e787af06ea2cad501991,806000,"...awarding the plaintiffs $ 806,000 in statutory damages..."
6812e7a3af06ea2cad501992,250000,"I conclude that plaintiffs are entitled to an award of statutory damages of $ 125,000 for each infringed work for a total of $ 250,000."
6812e7a5af06ea2cad501993,N/A,N/A
6812e7a7af06ea2cad501994,840000,"Accordingly, this Court will award Microsoft $ 840,000.00 in statutory damages for its infringed copyrights and trademarks."
6812e7a7af06ea2cad501995,4744,"Thus, the Court in its discretion awards plaintiffs statutory damages in the total amount of $ 4,744, twice the amount defendants would have paid in licensing fees during the time in issue."
6812e7aaaf06ea2cad501997,15000,"In the present case, the Plaintiffs seek statutory damages of $ 5,000 per infringement for a total damages award of $ 15,000."
6812e7adaf06ea2cad501999,6246,"CHP is awarded $ 6,246.45 in statutory damages."
6812e7afaf06ea2cad50199a,N/A,N/A
6812e7b8af06ea2cad50199b,N/A,N/A
6812e7bfaf06ea2cad50199c,6000,"1. Plaintiffs are awarded statutory damages under 17 U.S.C. § 504(c)(1) in the total amount of $ 6,000, with interest to accrue on that amount at the rate of 4.16%."
6812e7e7af06ea2cad5019a0,N/A,N/A
6812e7f0af06ea2cad5019a1,150000,"Plaintiff interprets this statement as an acknowledgment of illegal activity demonstrating willfulness under 17 U.S.C. § 504(c)(2) and warranting an award of $ 150,000 against Defendants Wolf and Prose."
6812e7fbaf06ea2cad5019a3,N/A,"Lastly, Plaintiffs seek damages for Defendants' knowingly false public statement that Plaintiffs staging of the Work in Chicago ""plagiarized"" substantial elements of the Broadway Production."
6812e802af06ea2cad5019a4,N/A,N/A
6812e803af06ea2cad5019a5,6750,"Consequently, the Court awards Plaintiffs $ 750.00 per work infringed, for a total of $ 6,750.00."
6812e80baf06ea2cad5019a6,N/A,N/A
6812e80daf06ea2cad5019a7,0,"For the foregoing reasons, we affirm the judgments in Bouchat II, III, IV, and V that deny Bouchat's requests under the Copyright Act for actual or statutory damages."
6812e811af06ea2cad5019a8,150000,"Because Bridgeport elected statutory damages, see 17 U.S.C. § 504(c)(1), the district court ruled that Bridgeport would receive $ 150,000 in statutory damages under the federal Copyright Act, whereas Westbound would receive its share of the compensatory damages award, $ 366,939."
6812e817af06ea2cad5019ad,N/A,"Furthermore, the jury has already awarded plaintiffs the maximum available statutory damages and a significant award for the infringement of the non-registered works."
6812e818af06ea2cad5019ae,7500,"Since there were 10 infringements, the total comes to $7,500.00."
6812e81aaf06ea2cad5019af,26784,"As such, the Court AWARDS Plaintiffs $ 26,784 in statutory damages."
6812e81baf06ea2cad5019b0,150000,"1. The defendant Luis Rodriguez Fraticelli is found to have willfully infringed Mitchell's copyright in the UltraMate program, and is ordered to pay to Mitchell the amount of $ 150,000.00 in statutory damages."
6812e823af06ea2cad5019b1,N/A,"Category A claims concern copyrights that were registered prior to any infringement. Because these copyrights were registered before the infringing reproduction, they are eligible for statutory damages and attorney's fees under the Copyright Act."
6812e824af06ea2cad5019b2,6000,"...an award of $ 6,000 damages..."
6812e825af06ea2cad5019b3,7550000,"The Magistrate Judge further finds that Plaintiff is entitled to an award of statutory damages in the amount of $ 7,550,000.00."
6812e827af06ea2cad5019b4,48000,"2) award Plaintiff $ 18,000.00 in statutory damages under the Copyright Act and $ 30,000.00 in statutory damages under the Digital Millennium Copyright Act, for a total of $ 48,000.00;"
6812e828af06ea2cad5019b5,500000,"Propet argues that this evidence, as well as testimony and evidence as to other purported instances of infringement, is legally insufficient to prove copyright infringement or to support the $ 500,000 statutory damages award."
6812e82aaf06ea2cad5019b6,62000,"The Court finds that an appropriate award against the McGuires, Galbraith, and Southwest Florida Storm Defense, LLC is $ 31,000 per infringed copyright, for a total award of $ 62,000."
6812e82faf06ea2cad5019ba,N/A,N/A
6812e82faf06ea2cad5019bb,N/A,"Section 504(c) of the Act provides for statutory damages in an appropriate case. This remedy was designed by Congress to provide relief for willful infringement where, among other circumstances, proof of actual damages and infringer's profits are difficult. But plaintiff disabled himself from seeking such damages by failing to register his copyright in the Garnett photograph in a timely manner."
6812e830af06ea2cad5019bc,13500,"Pending before the Court is Plaintiffs' Motion for Summary Judgment Based on Deemed Admissions (Doc. No. 16), in which Plaintiffs ask the Court to grant summary judgment, award statutory damages in the amount of $ 13,500, issue an injunction preventing Defendant from further copyright infringement, and award costs in the amount of $ 350. After considering all filings and the applicable law, the Court finds that the motion should be GRANTED but declines to award costs to Plaintiffs."
6812e831af06ea2cad5019bd,2350000,"Accordingly, the Court finds that a statutory damages award of $ 50,000 per act of infringement, totaling $ 2.35 million in damages, is appropriate in this case."
6812e834af06ea2cad5019be,385000,"Plaintiff is awarded total statutory damages of $ 385,000.00, to be apportioned jointly and severally between defendants Silver Star Micro, Inc. and Chase Campbell."
6812e835af06ea2cad5019bf,30000,"Plaintiff is entitled to $30,000.00 in statutory damages pursuant to 17 U.S.C. § 504(c)(2)."
6812e835af06ea2cad5019c0,45000,"Plaintiff is awarded $ 45,000 in statutory damages and $ 5,000 in attorney's fees and costs."
6812e837af06ea2cad5019c1,1120,"Accordingly, I recommend statutory damages in the amount of $1,120."
6812e839af06ea2cad5019c2,1120,"Accordingly, I recommend statutory damages in the amount of $ 1,120."
6812e83daf06ea2cad5019c4,N/A,"On June 25, 2007, the plaintiffs made an application to the court for a judgment by default, pursuant to Fed. R. Civ. P. 55(b), seeking: (a) the minimum statutory damages for each of six infringements alleged in the complaint, pursuant to 17 U.S.C. § 504; (b) an injunction, pursuant to 17 U.S.C. § 502; and (c) the costs they incurred prosecuting this action, pursuant to 17 U.S.C. §505."
6812e841af06ea2cad5019c6,N/A,"Defendants have stipulated that they violated Smith's copyright by airing the Video without his consent, though damages remain in dispute."
6812e842af06ea2cad5019c7,N/A,"With respect to Plaintiff's copyright infringement claim, the Court awards the recommended injunctive relief, but denies actual damages, statutory damages, attorney's fees, and costs."
6812e843af06ea2cad5019c8,N/A,"For the reasons stated above, Smith is entitled to only one award of statutory damages for infringement of his video."
6812e845af06ea2cad5019ca,1500000,"Jarvis now asks the Court for statutory damages in the amount of $ 150,000 as to each often (10) infringements,  actual damages in the amount of $ 461 as to each of eleven (11) other infringements, interest from June 9, 2003, and attorney's fees in the amount of $ 248,738."
6812e846af06ea2cad5019cb,970000,"The undersigned will therefore recommend that plaintiff be awarded the maximum statutory damages of $ 970,000.00 for non-willful infringement of nine valid copyrights and seven registered trademarks."
6812e847af06ea2cad5019cc,845250,"Despite having made a strong showing of willfulness due to the large number of works infringed and the continuing infringement by certain defendants, Plaintiff elects to recover only the minimum statutory damages award of $750 for each of the 1,124 television episodes and three movies that were infringed, for a total of $845,250."
6812e849af06ea2cad5019cd,23250,"Therefore, because Plaintiffs have sought the statutory minimum of $ 750 under 17 U.S.C. § 504(c)(1) for each of the thirty-one Copyrighted Recordings at issue, the Court concludes that Plaintiffs are entitled to a total award of $ 23,250 in statutory damages."
6812e84eaf06ea2cad5019cf,450200,"4) statutory damages for copyright infringement for the Wild Copters toy were awarded in the sum of $150,000 as to each of the Novelty Defendants and in the amount of $200 as to Exxon;"
6812e850af06ea2cad5019d1,12000,"Plaintiffs be AWARDED statutory damages in the amount of $ 12,000.00, which represents $ 4,000.00 for each of the three alleged infringements."
6812e852af06ea2cad5019d2,N/A,N/A
6812e852af06ea2cad5019d3,970000,"The Court concludes that Microsoft is entitled to total statutory damages of $ 970,000, consisting of $ 100,000 for each of seven trademark infringements and $ 30,000 for each of nine copyright infringements."
6812e853af06ea2cad5019d4,6750,"The Court finds that the statutory minimum of $ 750 per recording, for a total damages award of $ 6,750, is supported by the evidence."
6812e854af06ea2cad5019d5,124500,"Therefore, the court awards plaintiffs statutory damages of $ 750 for each of the 166 works infringed for a total statutory damage award of $ 124,500."
6812e855af06ea2cad5019d6,40000,"In light of Fincks' culpable state of mind, the magnitude of the unpaid fees, and with an eye towards deterring future infringement, the court awards plaintiffs $ 40,000 dollars in statutory damages."
6812e855af06ea2cad5019d7,10000,"The Court finds that in this case the appropriate damages are $ 5,000 per infringement, for a total of $ 10,000 in damages."
6812e858af06ea2cad5019d8,885600,"Given that we have determined that the infringements by Adcom and Mr. Special have been willful, continuing after notice of a lawsuit, we double the statutory damages award above ($ 442,800.00) for a total statutory damages award of EIGHT HUNDRED EIGHTY FIVE THOUSAND SIX HUNDRED DOLLARS ($ 885,600.00)."
6812e85daf06ea2cad5019d9,N/A,N/A
6812e85daf06ea2cad5019da,6750,"Relying on the factors above and attempting to strike a fair balance within the range of statutory damages set forth in 17 U.S.C. § 504(c)(1), the Court will limit the statutory damages to $ 2,250.00 per count of infringement, or a total of $ 6,750.00 for the three counts."
6812e860af06ea2cad5019db,N/A,"Plaintiffs also seek statutory damages in the amount of $ 100,000 ""for each copyrighted work infringed by Defendants."" Compl. at 10."
6812e862af06ea2cad5019dc,30000,"Silver Ring is hereby AWARDED statutory damages for copyright infringement in the amount of thirty-thousand U.S. dollars ($ 30,000.00);"
6812e865af06ea2cad5019df,6750,"Plaintiffs seek statutory damages of $ 6,750.00, an injunction, and costs in the amount of $ 420.00."
6812e865af06ea2cad5019e0,30000,"In total, the Court awarded statutory damages in the amount of $ 30,000. (Doc. # 11)."
6812e866af06ea2cad5019e1,6000,"At $ 750 per violation, the total statutory damages amount to $ 6,000."
6812e86caf06ea2cad5019e2,N/A,"Thus, MMG cannot be awarded attorneys' fees or statutory damages based on either Section 412(1) or 412(2)."
6812e86daf06ea2cad5019e3,6750,"For the foregoing reasons, the Court recommends that Plaintiffs' motion for default judgment be granted and that Plaintiffs awarded $6,750 in statutory damages and $763.75 in costs."
6812e870af06ea2cad5019e5,2000000,"In its papers, Ontel apparently seeks an award of $ 2,000,000 in statutory damages."
6812e876af06ea2cad5019e6,N/A,
6812e877af06ea2cad5019e7,N/A,"A determination of willful infringement can increase statutory damages awarded to $150,000 per infringement, whereas an ""innocent infringer"" may only have to pay $200 per infringement."
6812e878af06ea2cad5019e8,150000,"Thus, Plaintiff has attached to its motion the Declaration of Robb Haltom Regarding Sum Certain Award, requesting that the Court enter judgment in its favor for $150,000 in statutory damages, among other relief."
6812e879af06ea2cad5019e9,2000000,"In its papers, Ontel apparently seeks an award of $ 2,000,000 in statutory damages."
6812e87daf06ea2cad5019eb,222000,"On October 4, 2007, the jury found that Thomas had willfully infringed on all 24 of Plaintiffs' sound recordings at issue, and awarded Plaintiffs statutory damages in the amount of $ 9,250 for each willful infringement."
6812e880af06ea2cad5019ec,N/A,N/A
6812e881af06ea2cad5019ed,8000,"Therefore, this Court awards statutory damages to Plaintiffs in the amount of $1,600.00 per infringement, for a total award of $8,000.00."
6812e883af06ea2cad5019ef,6000,"Plaintiffs are awarded $ 750 per infringement, for a total statutory damages award of $ 6,000."
6812e884af06ea2cad5019f0,150000,"IT IS THEREFORE ORDERED that Plaintiff is awarded $150,000.00 in statutory damages and $15,218.74 in costs and attorney fees, for a total of $165,218.74."
6812e886af06ea2cad5019f1,N/A,N/A
6812e888af06ea2cad5019f3,N/A,N/A
6812e88daf06ea2cad5019f5,210000,"The court finds reasonable Microsoft's request for $210,000 in statutory damages, representing maximum damages for non-willful infringement for a single sale of Office 2003, which comprises seven copyrights."
6812e8bbaf06ea2cad5019f6,7500,"Plaintiffs are awarded $7,500 in statutory damages."
6812e8bcaf06ea2cad5019f7,N/A,N/A
6812e8bcaf06ea2cad5019f8,N/A,N/A
6812e8bcaf06ea2cad5019f9,1000,"Judgment was entered on September 17, 2008, for plaintiff; the court awarded $ 1,000 in statutory damages."
6812e8bfaf06ea2cad5019fa,N/A,N/A
6812e8c0af06ea2cad5019fb,7500,"Accordingly, Plaintiffs are entitled to $7,500 in statutory damages."
6812e8c1af06ea2cad5019fc,6000,"Plaintiffs now move for default judgment for: (1) the minimum statutory damages for each of the eight allegedly infringed sound recordings in the total amount of $ 6,000; (2) a permanent injunction pursuant to 17 U.S.C. § 502; and (3) costs in the amount of $ 420 pursuant to 17 U.S.C. § 505."
6812e8ceaf06ea2cad5019ff,18000,"Therefore, this Court awards plaintiffs $ 1,500 per copyright upon which defendants infringed and $ 2,000 for each category of goods that defendants sold that were marked with plaintiffs' trademarks. As noted above, defendants infringed on eight copyrights owned by plaintiffs and used Cartier's mark on three categories of goods. This yields a total damage award of $ 18,000 for this limited period of willful infringement."
6812e8d3af06ea2cad501a00,N/A,N/A
6812e8d8af06ea2cad501a01,5250,"Accordingly, Plaintiffs are entitled to $5,250 in statutory damages."
6812e8d9af06ea2cad501a02,250000,"Alternatively, upon PIR's election to receive an award of statutory damages, the Court is prepared to enter a monetary judgment in favor of PIR and against Simple in the total amount of $ 250,000, calculated as follows: (1) $ 100,000, pursuant to 15 U.S.C. § 1117(d); and (2) $ 150,000, pursuant to 17 U.S.C. § 504(c)."
6812e8deaf06ea2cad501a03,24000,"This yields a total damage award of $ 24,000 for this limited period of willful infringement."
6812e8e0af06ea2cad501a04,21000,"Therefore, the Court finds that Plaintiffs' request for $ 21,000 in total statutory damages is not excessive (especially in light of the possible range of damages), and is also sufficient to deter future copyright violations."
6812e8e9af06ea2cad501a06,N/A,"If the court finds that a defendant's infringement was ""willful,"" a district court may enhance the statutory damages award up to $ 150,000 per infringed work."
6812e8edaf06ea2cad501a07,10000,"Plaintiffs shall recover from Defendants 609 Industries, Inc., and Ethan D. Rubin, jointly and severally, statutory damages in the amount of ten thousand dollars ($ 10,000.00), which is an award of two thousand dollars ($ 2,000.00) for each of the five copyrighted musical works infringed at The Snake Pit on November 13-14, 2006."
6812e8f4af06ea2cad501a08,15750,"Accordingly, the court awards Plaintiff a total of $15,750.00 in statutory damages, which is the minimum $750 award for each of the 21 Studio A titles at issue."
6812e8fcaf06ea2cad501a09,90000,"Accordingly, the Court awards Plaintiffs statutory damages in the amount of $ 15,000 per infringement, or $ 90,000."
6812e904af06ea2cad501a0a,15000,"Plaintiffs also request statutory damages in the amount of $15,000, which represents an award of $3,000 per infringement."
6812e910af06ea2cad501a0b,N/A,N/A
6812e918af06ea2cad501a0c,600000,"The Court concludes that, in view of the significant profit Beverlly made and the evidence of the willfulness of Beverlly's conduct, an award of $600,000 in statutory damages is appropriate not only to compensate Tacori, but to punish and deter Beverlly."
6812e91faf06ea2cad501a0d,N/A,N/A
6812e927af06ea2cad501a0e,30000,"Therefore the Court recommends that Plaintiff be awarded $30,000 in statutory damages."
6812e92caf06ea2cad501a0f,18750,"Accordingly, Plaintiffs are entitled to $18,750 in statutory damages."
6812e92faf06ea2cad501a10,N/A,"A district court has broad discretion to award a plaintiff up to $ 150,000 in statutory damages for each instance in which a defendant ""willfully"" infringed the plaintiff's copyright. 17 U.S.C. § 504(c)(2). We also reject Nadim's argument that the district court erred in imposing the maximum statutory damages."
6812e934af06ea2cad501a11,6750,"Accordingly, Plaintiffs are entitled to $6,750 in statutory damages."
6812e935af06ea2cad501a12,6750,"Specifically, Plaintiffs seek an award of $ 750 per infringed work for each of the nine sound recordings listed in Exhibit A to the Complaint (document # 7-1), in the total principal sum of Six Thousand Seven Hundred Fifty Dollars ($ 6,750.00)."
6812e936af06ea2cad501a13,N/A,"Under the Copyright Act, the statutory minimum and maximum for non-willful copyright infringement are $ 750 and $ 30,000 per mark. A court may nevertheless  award up to $ 150,000 per mark if the plaintiff proves that the infringement was willful."
6812e939af06ea2cad501a14,507750,"The court awards Plaintiff $ 507,750.00 in statutory damages but declines to issue an order of contempt."
6812e93daf06ea2cad501a15,40250,"Plaintiffs shall recover from Defendants Lanes, Inc. and Harold Scott Lanes, jointly and severally, $40,250.00 in statutory damages, which is an award of $5,750.00 for each of the seven (7) copyrighted musical works infringed at Volcano's Party Island on September 13, 2007."
6812e944af06ea2cad501a16,67500,"By Opinion and Order of July 20, 2005, the lower court granted Plaintiff's motion and entered a judgment awarding attorneys' fees and filing costs totaling $ 27,870.55, as well as $ 67,500.00 in statutory damages under 17 U.S.C. § 504(c)(1)."
6812e955af06ea2cad501a17,600000,"...for a total of $ 600,000."
6812e962af06ea2cad501a18,25000,"It awarded $ 25,000 to Dream Games in statutory damages."
6812e968af06ea2cad501a1a,30000,"Microsoft asks the Court to impose a statutory damages award of $ 30,000 for Defendant's copyright infringement."
6812e977af06ea2cad501a1d,50000,"Accordingly, having found that Defendants' infringement was wilful, and based upon the unrefuted evidence of Defendants' estimated profits, the Court finds that an award of statutory damages in the amount of $ 50,000 is reasonable."
6812e97caf06ea2cad501a1e,2400,"Accordingly, The Orchard is required to pay $ 200 for its infringement of each copyrighted album, for a total of $ 400. Media Right is required to pay $ 1,000 per infringement, for a total of $ 2,000."
6812e97daf06ea2cad501a1f,6750,"Therefore, the Court finds that the statutory minimum of $ 750 per recording, for a total damages award of $ 6,750, is supported by the evidence."
6812e982af06ea2cad501a20,4500,"The undersigned RECOMMENDS that the District Court GRANT Plaintiff's Application for Entry of Default Judgment by the Court (Clerk's Dkt. #10) against Defendant Denise Wolf on their claim under 17 U.S.C. § 504, and award statutory damages in the amount of $4,500 and costs in the amount of $480.00."
6812e984af06ea2cad501a21,N/A,N/A
6812e988af06ea2cad501a22,20000,"Statutory damages are set at $ 20,000 for the Copyright Act claim."
6812e98eaf06ea2cad501a24,46500,"2. That Disney is awarded $46,500 in statutory damages."
6812e998af06ea2cad501a25,10500,"Given Defendant's blatantly willful conduct, and considering the licensing fee that would have applied at the time of infringement, an appropriate statutory damages award in this case is $ 3,500.00 per infringement (slightly more than two times the 2009 licensing fee), for a total of $ 10,500.00 (which is slightly more than two times the license fee ""saved"" of $ 4,508.13)."
6812e99aaf06ea2cad501a26,60000,"Plaintiffs seek statutory damages in the amount of $10,000 for each of the six infringements, for a total statutory damages award of $60,000."
6812e99caf06ea2cad501a27,N/A,...that Defendant's contention that statutory damages are unconstitutional is not yet ripe at the pleadings stage since no damages have been awarded.
6812e9a1af06ea2cad501a28,54000,"2. Plaintiffs shall recover from Defendants Fredonia and Parsons, jointly and severally, statutory damages in the amount of $25,000 per infringement of the compositions ""Llora Alma Mia"" and ""Ironia"", for a total sum of $50,000. 3. Plaintiffs shall recover from Defendants Parsons, Fredonia, and Rosso, jointly and severally, statutory damages in the amount of $1,000 per infringement of the compositions ""Tu Eres Ajena"", ""Princessa"", ""Mi Libertad"" and ""Luna Negra"", for a total sum of $4,000."
6812e9acaf06ea2cad501a29,N/A,N/A
6812e9aeaf06ea2cad501a2a,N/A,"The Defendant argues that the statutory damages authorized by the Copyright Act, 17 U.S.C. § 504(c) -- which range from $ 750 to $ 150,000 per infringement -- far outstrip the actual damages incurred by the Plaintiffs and are therefore unconstitutionally excessive and punitive in nature."
6812e9b1af06ea2cad501a2b,N/A,"As expressly permitted under the Copyright Act, 17 U.S.C. § 504(c)(1), NCEES has elected to recover its actual damages, rather than statutory damages."
6812e9bbaf06ea2cad501a2c,2400000,"2. Statutory damages in the amount of $2,400,000;"
6812e9bfaf06ea2cad501a2d,N/A,N/A
6812e9d3af06ea2cad501a2e,N/A,
6812e9dcaf06ea2cad501a2f,30000,"$30,000 is the maximum possible award of statutory damages provided in 17 U.S.0 § 504(c)(1), which authorizes the court to award ""a sum of not less than $750 or more than $30,000 as the court considers just."
6812e9e0af06ea2cad501a30,865000,"In view of the limitless number of customers available to Mann through his website and marketing activities on Amazon.com, Nutdeal.com, and eBay, coupled with Mann's unwillingness to terminate his infringement despite ample warning, the court will award statutory damages of $ 865,000, consisting of $ 25,000 for each of the four copyrights at issue, and $ 85,000 for each of the nine trademarks at issue."
6812e9f4af06ea2cad501a32,N/A,N/A
6812e9faaf06ea2cad501a33,5000,"After considering all the factors, the Court believes an award of $ 5,000 is appropriate."
6812ea00af06ea2cad501a34,5000,"After considering all the factors, the Court believes an award of $ 5,000 is appropriate."
6812ea06af06ea2cad501a35,6750,"Accordingly, Plaintiffs are entitled to $6,750 in statutory damages."
6812ea07af06ea2cad501a36,7500,"ORDERED that plaintiffs are awarded $ 7,500 in statutory damages;"
6812ea0aaf06ea2cad501a37,30000,"Accordingly, the Court concluded that it was within its discretion to authorize the statutory damages sought by Plaintiffs, i.e., $ 7,500 for each of the four alleged infringements, i.e., an aggregate of statutory damages in the amount of $ 30,000."
6812ea0daf06ea2cad501a38,40000,"In light of Northern Lights, Inc.'s culpable state of mind, the magnitude of the unpaid fees, and with an eye towards deterring future infringement, the court awards plaintiffs $ 40,000 dollars in statutory damages."
6812ea11af06ea2cad501a39,12750,"For these reasons, Puckett is hereby ordered to pay damages to Nelson Design in the amount of $ 8,500, which is double the amount of licensing fees Nelson Design would have received had Puckett properly sold the licensing rights to the Phillips Defendants and then remitted the proceeds to Nelson Design. For that reason, State Development, upon whose behalf Barry Phillips and Brent Phillips purchased the designs, is ordered to pay damages to Nelson Design in the amount of $ 4,250, which is $ 850 per design."
6812ea1caf06ea2cad501a3a,N/A,N/A
6812ea26af06ea2cad501a3c,70000,"That the plaintiffs shall recover from the defendants, jointly and severally, statutory damages in the amount of $ 70,000 which is $ 5,000 for each of the fourteen copyrighted musical works infringed on July 15 and 16, 2008;"
6812ea41af06ea2cad501a40,N/A,N/A
6812ea43af06ea2cad501a41,105000,"Plaintiff is also entitled to damages pursuant to 17 U.S.C. § 1203(c)(3)(B) for removing corporate   management information, a total of three (3) violations penalized at $ 25,000 each for a total penalty of $ 75,000. Finally, plaintiff is entitled to damages pursuant to 17 U.S.C. § 1203(c)(3)(A) (circumvention) for 12 violations, penalized $ 2,500 per violation, for a total penalty of $ 30,000."
6812ea49af06ea2cad501a42,7500,"Accordingly, Plaintiffs are entitled to $7,500 in statutory damages."
6812ea4baf06ea2cad501a43,7500,"I respectfully recommend that plaintiffs' motion for a default judgment be granted and that they be awarded $ 7,500 in statutory damages and $ 250 in costs."
6812ea4eaf06ea2cad501a44,N/A,"...in a sum of not less than $ 750 or more than $ 30,000 as the court considers just."
6812ea50af06ea2cad501a45,12750,"Thus, I respectfully recommend that plaintiffs be awarded $750 for each of the seventeen songs defendant illegally copied and distributed, for a total of $12,750."
6812ea58af06ea2cad501a46,N/A,
6812ea5baf06ea2cad501a47,N/A,"The court found that Plaintiff demonstrated that Defendants purchased and resold unauthorized DVDs, and that even though Plaintiff did not seek to demonstrate that the infringement was intentional or willful, Plaintiff was still entitled to the statutory minimum of $ 750 for each of the unauthorized DVD titles that Defendants resold."
6812ea5eaf06ea2cad501a48,18750,"At $ 750 per song, and twenty-five (25) sound recordings in this case, the statutory damages award charged to Defendant is $ 18,750."
6812ea61af06ea2cad501a49,40000,"Given Defendants' willful infringement, the importance and prominence of the copyrighted material in Defendants' marketing and promotional materials, the widespread dissemination of the infringing video, the sworn statements regarding the value of the copyrighted material, and the goal of deterring future infringements, I conclude that a statutory damage award of $40,000 is appropriate in the instant matter."
6812ea64af06ea2cad501a4a,970000,"The Court concludes that Microsoft is entitled to total statutory damages in the requested amount of $970,000."
6812ea68af06ea2cad501a4c,N/A,
6812ea6aaf06ea2cad501a4d,N/A,"Accordingly, § 412 precludes statutory damages or attorney's fees."
6812ea72af06ea2cad501a50,1312500,"Tekila Films appeals that ruling, and claims   that the jury's subsequent award of $ 1,312,500 in statutory damages to New Form was excessive."
6812ea74af06ea2cad501a51,9800,"Multiplying the initial award of $ 1,960 times five produces a total damages award of $ 9,800."
6812ea79af06ea2cad501a52,N/A,"As explained below, I conclude that plaintiff Vuitton is not entitled to damages with respect to its copyright and patent infringement claims, but that plaintiffs are entitled to a permanent injunction."
6812ea7faf06ea2cad501a53,100000,"Therefore, Lang has established defendants' wilfulness sufficient to allow the Court to increase the statutory damage award to $ 100,000."
6812ea82af06ea2cad501a56,N/A,"While Apple's claim that Psystar would be unable to pay any statutory damages is somewhat tempered by the stipulated agreement reached between both parties, Apple's remaining arguments still provide strong evidence that remedies at law would be inadequate."
6812ea84af06ea2cad501a57,10000,"Because Poparic has proved two acts of infringement, I respectfully recommend that the court award $10,000 in statutory damages."
6812ea8daf06ea2cad501a58,90000,"The court awards plaintiffs injunctive relief, statutory damages of $90,000, attorneys' fees of $5,200, and post-judgment interest at the rate of 0.32% against defendant."
6812eac9af06ea2cad501a5a,0,"Since the ""in lieu"" clause is not intended as a penalty, the court was right in awarding no damages."
6812eacaaf06ea2cad501a5b,N/A,
6812eae4af06ea2cad501a65,10000,"The damage award against Ardith Cavallo will be increased to $ 10,000."
6812eae5af06ea2cad501a66,500,Defendant suggests the statutory minimum of $250.00 per infringement or $500.00 for the two infringements as appropriate damages in this case.
6812eaf2af06ea2cad501a68,N/A,"Even the statutory damages which can be awarded under § 504(c)(1) are not less than $250 and not more than $10,000."
6812eb06af06ea2cad501a69,50000,"Lauratex also   seeks $ 50,000. in  statutory damages under 17 U.S.C. § 504(c)(2), which provides in relevant part:"
6812eb19af06ea2cad501a6a,40000,"Accordingly, in light of the amount of actual damages shown by the plaintiff and the defendants' willful infringement, statutory damages are awarded to the plaintiff in the amount of $ 40,000."
6812eb29af06ea2cad501a6c,32400000,"In this case, Louis Vuitton Malletier, S.A. (""Plaintiff"") claims that Akanoc Solutions,   Inc., Managed Solutions Group, Inc., and Steven Chen (collectively, ""Defendants"") contributorily infringed Plaintiff's registered trademarks and copyrights."" ""The jury awarded: (1) statutory damages for contributory trademark infringement in the amount of $10,500,000 per Defendant, and (2) statutory damages for contributory copyright infringement in the amount of $300,000 per Defendant."
6812eb2caf06ea2cad501a6d,N/A,N/A
6812eb33af06ea2cad501a6e,40000,"Defendants are therefore jointly and severally liable in the amount of $ 40,000 in statutory damages."
6812eb39af06ea2cad501a6f,120000,"In light of the above, the court awards the maximum of $30,000.00 in damages for each of the four infringements at bar, totaling $120,000.00 to be paid joint and severally by the defendants."
6812eb41af06ea2cad501a70,14250,"I will award statutory damages in the minimum amount of $ 14,250, representing $ 750 for each of the nineteen violations."
6812eb42af06ea2cad501a71,29452,"Accordingly, I find plaintiffs' submissions to be sufficient evidence to form the basis for an award of damages against defendants, jointly and severally, in the amount of $ 29,452.50."
6812eb49af06ea2cad501a72,30000,"In light of these facts, the Court will award Plaintiff statutory damages in the amount of $30,000."
6812eb4eaf06ea2cad501a73,150000,"Defendants are ORDERED to pay Paramount $150,000.00 in statutory damages under 17 U.S.C. § 504(c)(2), $3,600.00 in attorneys' fees, and costs of suit, for a total award of $153,600.00 plus costs of suit."
6812eb65af06ea2cad501a76,21750,"The Court GRANTS Plaintiff's request for statutory damages in the amount of $ 21,750 pursuant to 17 U.S.C. § 504(c)(1)."
6812eb85af06ea2cad501a77,284250,"The Court awards statutory damages of $ 284,250, as set forth supra, and permanently enjoins Defendants from all future infringement of Plaintiffs' 379 copyrighted works at issue in this litigation."
6812eb8baf06ea2cad501a78,2400,"The District Court awarded a total of $ 2400 in statutory damages, based on its finding that Appellees' profits from infringing sales of the Albums and songs were meager, and that the award did not need to be higher to achieve deterrence, because deterrence was effectuated here by Appellees having to pay their own attorneys fees."
6812eb9aaf06ea2cad501a79,N/A,N/A
6812eb9daf06ea2cad501a7a,5300,"The district court's findings of fact and conclusions of law included (1) an award to Gilbert of $ 5,300 in statutory damages and $ 224,894 in infringing profits from defendants' use of the Plans and (2) a permanent injunction against defendants' further use of the Plans."
6812eba7af06ea2cad501a7c,10000,"Based on the above findings and conclusions, the Court hereby ORDERS judgment be entered in favor of Plaintiff Jason Spooner on Count I with statutory damages of $ 10,000."
6812eba9af06ea2cad501a7d,30000,"NAKTA, Chan and Kim are also held jointly and severally liable to counterclaim plaintiff EGI for a statutory damages award of $ 30,000 and attorney's fees of $ 52,642.10."
6812ebacaf06ea2cad501a7e,100000,"In light of the evidence offered by Plaintiffs of   Gerraghty's infringing activities, the Court finds that a statutory damages award of $100,000 is appropriate."
6812ebadaf06ea2cad501a7f,1750000,"Based on the evidence presented and   the broad discretion the Court has in the matter, the Court GRANTS to Plaintiff an award of $1,750,000 ($25,000 per violation x 70 violations)."
6812ebbdaf06ea2cad501a81,N/A,An infringer of  a copyright is liable either for the copyright holder's actual damages or for statutory damages. See 17 U.S.C. § 504(a). Mon Cheri elected the former.
6812ebccaf06ea2cad501a84,N/A,"Although it presented evidence and argument relating to the amount of statutory damages should statutory damages be awarded, Sullivan & Associates has never affirmatively elected statutory damages instead of actual damages and profits. Therefore, the Court will award actual damages and profits."
6812ebceaf06ea2cad501a85,N/A,"Flava Works is only entitled to statutory damages for the two acts of infringement involving previously registered copyrights. ...providing for statutory damages of up to $ 150,000 per violation..."
6812ebd3af06ea2cad501a86,N/A,N/A
6812ebdeaf06ea2cad501a88,12000,"Plaintiffs shall recover from Defendants South Shore Sports Bar & Grill, Inc. and Creighton C. Chun, jointly and severally, statutory damages in the amount of twelve thousand dollars ($ 12,000.00), which is an award of two thousand dollars ($ 2,000.00) for each of the six copyrighted musical works infringed at South Short Sports Bar & Grill on March 12, 2008."
6812ebe0af06ea2cad501a89,12000,"Plaintiffs seek $4,000.00 for each of the three infringements, amounting to a total of $12,000.00."
6812ebe5af06ea2cad501a8a,N/A,N/A
6812ec09af06ea2cad501a8b,67500,"For the reasons I discuss below, I reduce the jury's award to $ 2,250 per infringed work, three times the statutory minimum, for a total award of $ 67,500."
6812ec12af06ea2cad501a8c,200000,"...statutory damages of $ 200,000 under § 1117(c)(2) of the Lanham Act."
6812ec24af06ea2cad501a8f,90000,"Because Westinghouse failed to participate in the discovery process, Plaintiffs are entitled to the full amount of statutory damages -- $ 30,000 -- for the single copyright infringed. Without a better guide for setting enhanced damages, the Court will award treble damages on the basis of Westinghouse's willful infringement, bringing the total award to $ 90,000."
6812ec28af06ea2cad501a90,10400,"IT IS FURTHER ORDERED that plaintiffs are awarded statutory damages in the amount of $ 10,400..."
6812ec2baf06ea2cad501a91,N/A,N/A
6812ec2caf06ea2cad501a92,15000,"In conclusion, the Court finds that Plaintiff is entitled to recover $15,000.00 in statutory damages from Defendants."
6812ec30af06ea2cad501a94,30000,"Although plaintiff's Complaint requested both damages and injunctive relief, the Motion for Default Judgment sought only statutory damages. The magistrate judge correctly recommended damages of $30,000, the maximum statutory damage award for non-willful copyright infringement."
6812ec30af06ea2cad501a95,150000,"Tango shall pay Plaintiff statutory damages in the amount of $150,000.00."
6812ec32af06ea2cad501a96,970000,"Plaintiff seeks judgment in the amount of $970,000 as follows: statutory damages of $100,000 for violation of each of seven of its trademarks, and statutory damages of $30,000 for violation of each of its nine copyrights at issue."
6812ec3baf06ea2cad501a97,N/A,
6812ec3faf06ea2cad501a98,750,"I recommend awarding statutory damages in favor of Cullum, based on one work infringed in the minimum amount of $750.00."
6812ec44af06ea2cad501a99,18000,"Plaintiffs request a statutory damages award of $3,000.00 for each of the six claims of infringement alleged in the Complaint, for a total award of $18,000.00."
6812ec4baf06ea2cad501a9a,6585000,"Accordingly, judgment is entered against all Defendants, jointly and severally, for statutory damages in the amount of $6,585,000."
6812ec51af06ea2cad501a9b,N/A,N/A
6812ec52af06ea2cad501a9c,6000,"It is no surprise that, here, in a case where Plaintiffs' actual damages for the failure to pay a fee to download eight songs would have been de minimus, Plaintiffs opted for statutory damages, and sought the minimum statutory damages provided by § 504 -- an award of $750 for each of the eight infringements alleged in the Complaint."
6812ec5caf06ea2cad501a9d,15000,"For the reasons set forth above, I respectfully recommend to Judge Hurley that damages be awarded against Defendants jointly and severally in the amount of $20,796.75, broken down as follows: $15,000 for statutory damages; $4,795 in attorneys' fees; and $1,001.75 in costs."
6812ec62af06ea2cad501a9e,30750,"The Court finds a statutory damages award of $30,750 is appropriate in this action."
6812ec6aaf06ea2cad501a9f,N/A,"This provision encompasses all types of damages available for copyright infringement, including the copyright owner's actual damages, the infringer's profits attributable to the infringement, and statutory damages."
6812ec6baf06ea2cad501aa0,220000,"However, because Plaintiffs have sought to, and do, profit from the copyrights themselves, see, e.g., Cmplt. at ¶ 5(c) (""The revenue from products sold in the United States which use the Disney Copyrighted Movies and Characters is substantial""), the Court awards Plaintiffs $10,000 per infringement, multiplied by twenty-two infringements, for a total of $220,000."
6812ec78af06ea2cad501aa1,N/A,N/A
6812ec7aaf06ea2cad501aa2,25000,"Defendant is ordered to pay damages to Plaintiff pursuant to 17 U.S.C. § 504 in the sum of Twenty-Five Thousand Dollars ($25,000.00)."
6812ec81af06ea2cad501aa3,N/A,N/A
6812ec85af06ea2cad501aa4,N/A,Where the defendant's conduct is willful. the range of statutory damages runs from $750 to $150.000 See 17 U.S.C. § 504(a)(2)-(c).
6812eca5af06ea2cad501aa5,N/A,N/A
6812ecaeaf06ea2cad501aa7,180000,"Thus the Court shall award $180,000.00 in statutory damages pursuant to 17 U.S.C. §504."
6812ecafaf06ea2cad501aa8,401250,"Accordingly, the Court awards plaintiff $401,250.00 in statutory damages."
6812ecb6af06ea2cad501aaa,N/A,It has expressly withdrawn its request for damages and attorney fees...
6812eccdaf06ea2cad501aac,20000,"a. Statutory damages in the amount of $5,000.00 per each of the four violations, for a total of $20,000.00, plus interest, pursuant to 17 U.S.C. § 504(c) and 28 U.S.C. § 1961."
6812ecd4af06ea2cad501aad,N/A,N/A
6812ecd6af06ea2cad501aae,150000,"The judgment consists of statutory damages in the total amount of $150,000, a permanent injunction enjoining Defendant from infringing Plaintiff's copyrighted examination questions, and no attorney's fees."
6812ecd7af06ea2cad501aaf,N/A,N/A
6812ecdaaf06ea2cad501ab0,150000,"Defendant correctly notes that the maximum statutory damages award authorized under the Copyright Act is $150,000 for all infringements with respect to any one work."
6812ecdcaf06ea2cad501ab1,750,"In view of the defendants' acknowledgement of the infringements and its voluntary cessation from the infringing activity we exercise our discretion and using the statutory damage schedule as guidance, we award infringement damages of $750."
6812ece1af06ea2cad501ab2,30000,"Plaintiffs are entitled to an injunction prohibiting further infringement by defendants, an award of statutory damages in the amount of $30,000.00, attorney's fees in the amount of $6,560.00, and costs in the amount of $839.77."
6812ece8af06ea2cad501ab3,950,"Specifically, the Court will ACCEPT the recommendation awarding statutory damages in favor of plaintiff based on one work infringed in the minimum amount of $750. The Court will REJECT the recommendation denying plaintiff's request for enhanced damages and AWARD plaintiff an additional $200 for defendants' willful infringement."
6812ececaf06ea2cad501ab4,N/A,N/A
